Date,Open,High,Low,Close,Adj Close,Volume
2007-03-12,22.65,22.65,22.25,22.355,20.767882999999998,29070612.0
2007-03-13,,,,,,
2007-03-14,,,,,,
2007-03-15,,,,,,
2007-03-16,,,,,,
2007-03-19,22.605,22.605,22.605,22.605,21.000134,0.0
2007-03-20,,,,,,
2007-03-21,,,,,,
2007-03-22,,,,,,
2007-03-23,,,,,,
2007-03-26,,,,,,
2007-03-27,,,,,,
2007-03-28,,,,,,
2007-03-29,23.405001000000002,24.395,23.24,23.700001,22.017397,92397236.0
2007-03-30,,,,,,
2007-04-02,,,,,,
2007-04-03,,,,,,
2007-04-04,,,,,,
2007-04-05,23.9,24.0,23.6,23.959999,22.258932,24573076.0
2007-04-06,,,,,,
2007-04-09,,,,,,
2007-04-10,,,,,,
2007-04-11,,,,,,
2007-04-12,,,,,,
2007-04-13,27.049999,28.219998999999998,27.0,27.514999,25.561543,53337890.0
2007-04-16,27.83,28.275,27.83,28.209999,26.207201,29394454.0
2007-04-17,,,,,,
2007-04-18,,,,,,
2007-04-19,,,,,,
2007-04-20,,,,,,
2007-04-23,,,,,,
2007-04-24,,,,,,
2007-04-25,,,,,,
2007-04-26,,,,,,
2007-04-27,,,,,,
2007-04-30,,,,,,
2007-05-03,,,,,,
2007-05-04,,,,,,
2007-05-08,,,,,,
2007-05-09,,,,,,
2007-05-10,32.880001,33.0,32.150002,32.240002000000004,29.951088000000002,17168918.0
2007-05-11,,,,,,
2007-05-14,,,,,,
2007-05-15,,,,,,
2007-05-16,,,,,,
2007-05-17,,,,,,
2007-05-18,31.245001000000002,31.42,30.504998999999998,31.1,28.892021000000003,22354590.0
2007-05-21,,,,,,
2007-05-22,,,,,,
2007-05-23,,,,,,
2007-05-24,,,,,,
2007-05-25,,,,,,
2007-05-28,,,,,,
2007-05-29,,,,,,
2007-05-30,,,,,,
2007-05-31,,,,,,
2007-06-01,,,,,,
2007-06-04,,,,,,
2007-06-05,,,,,,
2007-06-06,,,,,,
2007-06-07,,,,,,
2007-06-08,,,,,,
2007-06-11,,,,,,
2007-06-12,,,,,,
2007-06-13,,,,,,
2007-06-14,,,,,,
2007-06-15,32.200001,32.935001,32.029999,32.689999,30.369137,18765038.0
2007-06-18,,,,,,
2007-06-19,,,,,,
2007-06-20,,,,,,
2007-06-21,,,,,,
2007-06-22,,,,,,
2007-06-25,,,,,,
2007-06-26,36.400002,37.09,35.799999,36.595001,33.996899,33315220.0
2007-06-27,,,,,,
2007-06-28,38.165001000000004,38.244999,36.509997999999996,36.549999,33.955096999999995,17632890.0
2007-06-29,35.75,36.5,35.599998,35.755001,33.216541,18787294.0
2007-07-02,35.5,35.799999,34.200001,34.84,32.366496999999995,14047344.0
2007-07-03,,,,,,
2007-07-04,,,,,,
2007-07-05,,,,,,
2007-07-06,35.009997999999996,36.424999,34.924999,36.41,33.825035,13210586.0
2007-07-09,,,,,,
2007-07-10,37.990002000000004,39.099998,37.700001,38.66,35.915290999999996,17370608.0
2007-07-11,,,,,,
2007-07-12,,,,,,
2007-07-13,,,,,,
2007-07-16,,,,,,
2007-07-17,,,,,,
2007-07-18,,,,,,
2007-07-19,,,,,,
2007-07-20,,,,,,
2007-07-23,,,,,,
2007-07-24,41.849998,42.0,40.674999,41.259997999999996,38.3307,47196010.0
2007-07-25,,,,,,
2007-07-26,41.189999,41.299999,40.099998,40.509997999999996,37.633945000000004,30132778.0
2007-07-27,40.224998,40.700001,39.5,40.049999,37.206608,26026950.0
2007-07-30,,,,,,
2007-07-31,40.665001000000004,41.880001,39.799999,41.75,38.785915,34346446.0
2007-08-01,,,,,,
2007-08-02,,,,,,
2007-08-03,41.049999,44.994999,41.049999,44.395,41.24313,51387358.0
2007-08-06,,,,,,
2007-08-07,,,,,,
2007-08-08,43.974998,44.939999,43.5,44.200001,41.061974,19612664.0
2007-08-09,,,,,,
2007-08-10,,,,,,
2007-08-13,,,,,,
2007-08-14,,,,,,
2007-08-15,48.990002000000004,49.744999,47.549999,48.994999,45.516548,18034502.0
2007-08-16,,,,,,
2007-08-17,,,,,,
2007-08-20,,,,,,
2007-08-21,,,,,,
2007-08-22,,,,,,
2007-08-23,46.619999,47.174999,45.849998,46.68,43.365902,24305000.0
2007-08-24,,,,,,
2007-08-27,,,,,,
2007-08-28,,,,,,
2007-08-29,,,,,,
2007-08-30,,,,,,
2007-08-31,,,,,,
2007-09-03,,,,,,
2007-09-04,,,,,,
2007-09-05,,,,,,
2007-09-06,,,,,,
2007-09-07,,,,,,
2007-09-10,,,,,,
2007-09-11,,,,,,
2007-09-12,,,,,,
2007-09-13,50.939999,52.299999,50.549999,51.665001000000004,47.996994,21846102.0
2007-09-14,,,,,,
2007-09-17,,,,,,
2007-09-18,53.75,54.040001000000004,52.09,52.41,48.689095,13189810.0
2007-09-19,,,,,,
2007-09-20,,,,,,
2007-09-21,,,,,,
2007-09-24,,,,,,
2007-09-25,,,,,,
2007-09-26,,,,,,
2007-09-27,,,,,,
2007-09-28,,,,,,
2007-10-08,68.5,72.889999,67.699997,70.695,65.675934,18229138.0
2007-10-09,,,,,,
2007-10-10,,,,,,
2007-10-11,70.5,72.900002,69.0,72.065002,66.948677,19294080.0
2007-10-12,,,,,,
2007-10-15,70.050003,70.849998,68.25,69.0,64.10128,21437354.0
2007-10-16,,,,,,
2007-10-17,,,,,,
2007-10-18,,,,,,
2007-10-19,69.400002,69.449997,66.5,67.449997,62.66131600000001,13300768.0
2007-10-22,,,,,,
2007-10-23,,,,,,
2007-10-24,,,,,,
2007-10-25,,,,,,
2007-10-26,,,,,,
2007-10-29,,,,,,
2007-10-30,70.300003,71.445,68.949997,70.574997,65.56444499999999,12324966.0
2007-10-31,,,,,,
2007-11-01,,,,,,
2007-11-02,,,,,,
2007-11-05,,,,,,
2007-11-06,,,,,,
2007-11-07,,,,,,
2007-11-08,,,,,,
2007-11-09,,,,,,
2007-11-12,,,,,,
2007-11-13,,,,,,
2007-11-14,,,,,,
2007-11-15,,,,,,
2007-11-16,,,,,,
2007-11-19,61.0,61.400002,58.689999,59.09,54.89484,9821604.0
2007-11-20,,,,,,
2007-11-21,,,,,,
2007-11-22,,,,,,
2007-11-23,,,,,,
2007-11-26,,,,,,
2007-11-27,,,,,,
2007-11-28,,,,,,
2007-11-29,,,,,,
2007-11-30,,,,,,
2007-12-03,,,,,,
2007-12-04,,,,,,
2007-12-05,,,,,,
2007-12-06,,,,,,
2007-12-07,,,,,,
2007-12-10,,,,,,
2007-12-11,60.525002,60.700001,57.25,58.68,54.513954000000005,20868110.0
2007-12-12,,,,,,
2007-12-13,,,,,,
2007-12-14,,,,,,
2007-12-17,,,,,,
2007-12-18,49.900002,51.959998999999996,49.75,50.974998,47.355976,17273844.0
2007-12-19,,,,,,
2007-12-20,,,,,,
2007-12-21,,,,,,
2007-12-24,,,,,,
2007-12-25,,,,,,
2007-12-26,,,,,,
2007-12-27,,,,,,
2007-12-28,53.970001,53.994999,52.400002,53.049999,49.283660999999995,29120536.0
2008-01-02,53.845001,54.25,51.514998999999996,52.794998,49.046757,25902.0
2008-01-03,51.285,51.349998,49.689999,50.915001000000004,47.300236,75993734.0
2008-01-04,,,,,,
2008-01-07,,,,,,
2008-01-08,,,,,,
2008-01-09,,,,,,
2008-01-10,,,,,,
2008-01-11,,,,,,
2008-01-14,,,,,,
2008-01-15,,,,,,
2008-01-16,,,,,,
2008-01-17,,,,,,
2008-01-18,,,,,,
2008-01-21,,,,,,
2008-01-22,42.0,42.0,39.775002,39.775002,36.951138,65789586.0
2008-01-23,39.005001,41.0,38.27,40.235001000000004,37.378471000000005,69123576.0
2008-01-24,,,,,,
2008-01-25,,,,,,
2008-01-28,,,,,,
2008-01-29,,,,,,
2008-01-30,,,,,,
2008-01-31,,,,,,
2008-02-01,,,,,,
2008-02-04,37.974998,39.91,37.950001,39.580002,36.769974,51050010.0
2008-02-05,,,,,,
2008-02-13,,,,,,
2008-02-14,,,,,,
2008-02-15,,,,,,
2008-02-18,,,,,,
2008-02-19,,,,,,
2008-02-20,,,,,,
2008-02-21,,,,,,
2008-02-22,,,,,,
2008-02-25,,,,,,
2008-02-26,,,,,,
2008-02-27,,,,,,
2008-02-28,,,,,,
2008-02-29,35.005001,36.25,34.68,35.599998,33.072540000000004,24711730.0
2008-03-03,35.299999,35.869999,33.985001000000004,35.055,32.566238,63512084.0
2008-03-04,,,,,,
2008-03-05,,,,,,
2008-03-06,34.990002000000004,36.904999,33.700001,36.189999,33.620655,118560440.0
2008-03-07,35.200001,35.200001,33.099998,33.830002,31.428203999999997,114844822.0
2008-03-10,,,,,,
2008-03-11,,,,,,
2008-03-12,,,,,,
2008-03-13,,,,,,
2008-03-14,,,,,,
2008-03-17,,,,,,
2008-03-18,,,,,,
2008-03-19,,,,,,
2008-03-20,,,,,,
2008-03-21,28.200001,28.945,27.49,28.030001000000002,26.039984,66915374.0
2008-03-24,,,,,,
2008-03-25,,,,,,
2008-03-26,,,,,,
2008-03-27,,,,,,
2008-03-28,,,,,,
2008-03-31,,,,,,
2008-04-01,,,,,,
2008-04-02,27.375,29.34,27.049999,28.424999,26.406937,162642736.0
2008-04-03,,,,,,
2008-04-07,,,,,,
2008-04-08,,,,,,
2008-04-09,,,,,,
2008-04-10,28.360001,29.24,27.540001,29.190001000000002,27.117626,50608032.0
2008-04-11,,,,,,
2008-04-14,,,,,,
2008-04-15,,,,,,
2008-04-16,27.65,28.145,27.1,27.17,25.241039,24103878.0
2008-04-17,,,,,,
2008-04-18,,,,,,
2008-04-21,30.344998999999998,30.344998999999998,27.799999,28.5,26.476614,115942072.0
2008-04-22,,,,,,
2008-04-23,,,,,,
2008-04-24,,,,,,
2008-04-25,33.5,34.895,33.25,33.509997999999996,31.13092,150870774.0
2008-04-28,,,,,,
2008-04-29,,,,,,
2008-04-30,,,,,,
2008-05-05,,,,,,
2008-05-06,,,,,,
2008-05-07,,,,,,
2008-05-08,,,,,,
2008-05-09,,,,,,
2008-05-12,,,,,,
2008-05-13,31.41,31.41,31.41,31.41,29.180014,0.0
2008-05-14,,,,,,
2008-05-15,,,,,,
2008-05-16,,,,,,
2008-05-19,30.790001,30.92,29.65,30.110001,27.972310999999998,27849422.0
2008-05-20,,,,,,
2008-05-21,28.49,29.01,27.68,28.985001,26.927181,43636882.0
2008-05-22,,,,,,
2008-05-23,,,,,,
2008-05-26,,,,,,
2008-05-27,,,,,,
2008-05-28,,,,,,
2008-05-29,27.85,27.950001,26.924999,26.955,25.041301999999998,21816286.0
2008-05-30,,,,,,
2008-06-02,,,,,,
2008-06-03,28.225,28.57,27.700001,27.855,25.877401000000003,23114606.0
2008-06-04,,,,,,
2008-06-05,,,,,,
2008-06-06,,,,,,
2008-06-10,,,,,,
2008-06-11,,,,,,
2008-06-12,,,,,,
2008-06-13,,,,,,
2008-06-16,,,,,,
2008-06-17,,,,,,
2008-06-18,,,,,,
2008-06-19,,,,,,
2008-06-20,,,,,,
2008-06-23,,,,,,
2008-06-24,,,,,,
2008-06-25,24.834999,25.75,24.655001000000002,25.49,23.680309,39287558.0
2008-06-26,25.49,26.1,25.4,25.84,24.005463,38796676.0
2008-06-27,,,,,,
2008-06-30,,,,,,
2008-07-01,,,,,,
2008-07-02,,,,,,
2008-07-03,20.49,21.145,19.379998999999998,20.275,18.835558,219074330.0
2008-07-04,19.9,20.25,19.674999,20.084999,18.659042000000003,59255896.0
2008-07-07,,,,,,
2008-07-08,,,,,,
2008-07-09,,,,,,
2008-07-10,21.35,22.16,21.254998999999998,21.52,19.992165,102458480.0
2008-07-11,,,,,,
2008-07-14,,,,,,
2008-07-15,,,,,,
2008-07-16,,,,,,
2008-07-17,19.700001,19.700001,19.700001,19.700001,18.301379999999998,0.0
2008-07-18,,,,,,
2008-07-21,20.25,21.6,20.155001000000002,21.459999,19.936422,72917214.0
2008-07-22,,,,,,
2008-07-23,,,,,,
2008-07-24,,,,,,
2008-07-25,,,,,,
2008-07-28,,,,,,
2008-07-29,21.950001,22.139999,21.709999,22.014999,20.452021,33559006.0
2008-07-30,22.549999,22.610001,21.790001,21.99,20.428797,23822968.0
2008-07-31,22.15,22.174999,21.450001,21.485001,19.95965,26475772.0
2008-08-01,,,,,,
2008-08-04,,,,,,
2008-08-05,,,,,,
2008-08-06,,,,,,
2008-08-07,,,,,,
2008-08-08,,,,,,
2008-08-11,,,,,,
2008-08-12,,,,,,
2008-08-13,,,,,,
2008-08-14,,,,,,
2008-08-15,,,,,,
2008-08-18,,,,,,
2008-08-19,,,,,,
2008-08-20,,,,,,
2008-08-21,,,,,,
2008-08-22,,,,,,
2008-08-25,,,,,,
2008-08-26,,,,,,
2008-08-27,,,,,,
2008-08-28,,,,,,
2008-08-29,,,,,,
2008-09-01,,,,,,
2008-09-02,,,,,,
2008-09-03,,,,,,
2008-09-04,,,,,,
2008-09-05,20.9,21.125,20.700001,20.889999,19.406893,24527432.0
2008-09-08,,,,,,
2008-09-09,21.5,21.549999,21.129998999999998,21.360001,19.843525,22582312.0
2008-09-10,,,,,,
2008-09-11,,,,,,
2008-09-12,,,,,,
2008-09-16,,,,,,
2008-09-17,,,,,,
2008-09-18,,,,,,
2008-09-19,,,,,,
2008-09-22,,,,,,
2008-09-23,,,,,,
2008-09-24,,,,,,
2008-09-25,17.795,19.49,17.719998999999998,18.129998999999998,16.84284,159959686.0
2008-09-26,,,,,,
2008-10-06,16.635,16.635,16.635,16.635,15.453982,0.0
2008-10-07,15.515,16.5,15.48,15.97,14.836192,77351604.0
2008-10-08,,,,,,
2008-10-09,,,,,,
2008-10-10,,,,,,
2008-10-13,,,,,,
2008-10-14,,,,,,
2008-10-15,,,,,,
2008-10-16,,,,,,
2008-10-17,,,,,,
2008-10-20,,,,,,
2008-10-21,13.38,13.45,12.965,13.005,12.081696,97710684.0
2008-10-22,,,,,,
2008-10-23,,,,,,
2008-10-24,,,,,,
2008-10-27,,,,,,
2008-10-28,10.39,10.71,9.95,10.39,9.65235,230072768.0
2008-10-29,,,,,,
2008-10-30,,,,,,
2008-10-31,,,,,,
2008-11-03,,,,,,
2008-11-04,,,,,,
2008-11-05,,,,,,
2008-11-06,,,,,,
2008-11-07,,,,,,
2008-11-10,13.1,13.55,12.745,13.235,12.295368,139119578.0
2008-11-11,,,,,,
2008-11-12,,,,,,
2008-11-13,,,,,,
2008-11-14,,,,,,
2008-11-17,,,,,,
2008-11-18,,,,,,
2008-11-19,,,,,,
2008-11-20,,,,,,
2008-11-21,,,,,,
2008-11-24,,,,,,
2008-11-25,,,,,,
2008-11-26,11.59,12.0,11.59,11.835,10.994762,38228364.0
2008-11-27,,,,,,
2008-11-28,,,,,,
2008-12-01,,,,,,
2008-12-02,,,,,,
2008-12-03,,,,,,
2008-12-04,,,,,,
2008-12-05,,,,,,
2008-12-08,,,,,,
2008-12-09,,,,,,
2008-12-10,,,,,,
2008-12-11,,,,,,
2008-12-12,,,,,,
2008-12-15,,,,,,
2008-12-16,,,,,,
2008-12-17,,,,,,
2008-12-18,,,,,,
2008-12-19,,,,,,
2008-12-22,,,,,,
2008-12-23,,,,,,
2008-12-24,,,,,,
2008-12-25,13.5,13.635,13.055,13.355,12.406847,49322616.0
2008-12-26,13.205,13.755,13.1,13.405,12.453298,39682736.0
2008-12-29,13.25,13.46,12.95,13.235,12.295368,42707730.0
2008-12-30,,,,,,
2008-12-31,,,,,,
2009-01-05,,,,,,
2009-01-06,,,,,,
2009-01-07,,,,,,
2009-01-08,,,,,,
2009-01-09,,,,,,
2009-01-12,,,,,,
2009-01-13,,,,,,
2009-01-14,,,,,,
2009-01-15,,,,,,
2009-01-16,,,,,,
2009-01-19,,,,,,
2009-01-20,,,,,,
2009-01-21,,,,,,
2009-01-22,,,,,,
2009-01-23,,,,,,
2009-02-02,,,,,,
2009-02-03,,,,,,
2009-02-04,15.15,15.6,15.15,15.515,14.413497,63724946.0
2009-02-05,,,,,,
2009-02-06,,,,,,
2009-02-09,,,,,,
2009-02-10,,,,,,
2009-02-11,,,,,,
2009-02-12,,,,,,
2009-02-13,,,,,,
2009-02-16,,,,,,
2009-02-17,17.934998999999998,18.0,17.0,17.075001,15.862741,75949414.0
2009-02-18,,,,,,
2009-02-19,,,,,,
2009-02-20,,,,,,
2009-02-23,,,,,,
2009-02-24,,,,,,
2009-02-25,,,,,,
2009-02-26,16.49,17.055,15.95,16.105,14.961607,94605264.0
2009-02-27,,,,,,
2009-03-02,,,,,,
2009-03-03,,,,,,
2009-03-04,,,,,,
2009-03-05,,,,,,
2009-03-06,,,,,,
2009-03-09,,,,,,
2009-03-10,,,,,,
2009-03-11,,,,,,
2009-03-12,,,,,,
2009-03-13,,,,,,
2009-03-16,,,,,,
2009-03-17,,,,,,
2009-03-18,,,,,,
2009-03-19,,,,,,
2009-03-20,18.700001,18.75,18.0,18.17,16.880005,69575040.0
2009-03-23,18.174999,19.35,18.17,19.014999,17.665010000000002,107990236.0
2009-03-24,,,,,,
2009-03-25,,,,,,
2009-03-26,19.225,19.85,19.075001,19.629998999999998,18.236349,65734234.0
2009-03-27,,,,,,
2009-03-30,19.35,19.389999,18.674999,18.754998999999998,17.423468,78427442.0
2009-03-31,,,,,,
2009-04-01,,,,,,
2009-04-02,19.514999,20.49,19.514999,20.01,18.589371,138775780.0
2009-04-03,,,,,,
2009-04-07,,,,,,
2009-04-08,,,,,,
2009-04-09,,,,,,
2009-04-10,,,,,,
2009-04-13,,,,,,
2009-04-14,,,,,,
2009-04-15,,,,,,
2009-04-16,,,,,,
2009-04-17,20.9,21.245001000000002,20.75,20.790001,19.313993,45764616.0
2009-04-20,,,,,,
2009-04-21,,,,,,
2009-04-22,,,,,,
2009-04-23,,,,,,
2009-04-24,,,,,,
2009-04-27,19.805,19.975,19.035,19.485001,18.101645,58547764.0
2009-04-28,,,,,,
2009-04-29,,,,,,
2009-04-30,,,,,,
2009-05-04,,,,,,
2009-05-05,,,,,,
2009-05-06,,,,,,
2009-05-07,,,,,,
2009-05-08,,,,,,
2009-05-11,,,,,,
2009-05-12,,,,,,
2009-05-13,,,,,,
2009-05-14,,,,,,
2009-05-15,,,,,,
2009-05-18,,,,,,
2009-05-19,,,,,,
2009-05-20,,,,,,
2009-05-21,,,,,,
2009-05-22,,,,,,
2009-05-25,,,,,,
2009-05-26,,,,,,
2009-05-27,,,,,,
2009-06-01,19.805,19.805,19.805,19.805,18.398923999999997,0.0
2009-06-02,,,,,,
2009-06-03,21.790001,21.790001,21.790001,21.790001,20.242995999999998,0.0
2009-06-04,,,,,,
2009-06-05,,,,,,
2009-06-08,,,,,,
2009-06-09,22.549999,22.549999,22.549999,22.549999,20.949038,0.0
2009-06-10,,,,,,
2009-06-11,,,,,,
2009-06-12,,,,,,
2009-06-15,,,,,,
2009-06-16,,,,,,
2009-06-17,,,,,,
2009-06-18,,,,,,
2009-06-19,,,,,,
2009-06-22,,,,,,
2009-06-23,22.799999,23.5,22.690001000000002,22.924999,21.297417000000003,82340464.0
2009-06-24,,,,,,
2009-06-25,,,,,,
2009-06-26,,,,,,
2009-06-29,,,,,,
2009-06-30,,,,,,
2009-07-01,,,,,,
2009-07-02,,,,,,
2009-07-03,27.225,27.924999,27.075001,27.76,25.78915,72791720.0
2009-07-06,,,,,,
2009-07-07,,,,,,
2009-07-08,,,,,,
2009-07-09,,,,,,
2009-07-10,28.135,28.299999,27.450001,27.905001000000002,25.923859,52869172.0
2009-07-13,,,,,,
2009-07-14,27.605,30.0,27.605,29.785,27.670383,88343440.0
2009-07-15,,,,,,
2009-07-16,,,,,,
2009-07-17,,,,,,
2009-07-20,,,,,,
2009-07-21,,,,,,
2009-07-22,,,,,,
2009-07-23,,,,,,
2009-07-24,,,,,,
2009-07-27,,,,,,
2009-07-28,,,,,,
2009-07-29,,,,,,
2009-07-30,,,,,,
2009-07-31,,,,,,
2009-08-03,,,,,,
2009-08-04,,,,,,
2009-08-05,31.555,31.594998999999998,30.049999,30.405001000000002,28.246367,58176124.0
2009-08-06,,,,,,
2009-08-07,28.370001000000002,28.370001000000002,28.370001000000002,28.370001000000002,26.355843,0.0
2009-08-10,,,,,,
2009-08-11,,,,,,
2009-08-12,27.790001,27.9,26.475,26.615,24.725441,79860340.0
2009-08-13,,,,,,
2009-08-14,,,,,,
2009-08-17,,,,,,
2009-08-18,,,,,,
2009-08-19,25.15,25.540001,24.0,25.045,23.266904999999998,106579504.0
2009-08-20,24.5,26.25,24.155001000000002,25.91,24.070494,101630394.0
2009-08-21,,,,,,
2009-08-24,,,,,,
2009-08-25,,,,,,
2009-08-26,,,,,,
2009-08-27,24.584999,24.940001000000002,24.0,24.299999,22.574795,57306636.0
2009-08-28,,,,,,
2009-08-31,,,,,,
2009-09-01,,,,,,
2009-09-02,,,,,,
2009-09-03,,,,,,
2009-09-04,,,,,,
2009-09-07,24.4,25.0,24.25,24.594998999999998,22.848851999999997,57396044.0
2009-09-08,,,,,,
2009-09-09,,,,,,
2009-09-10,,,,,,
2009-09-11,,,,,,
2009-09-14,,,,,,
2009-09-15,,,,,,
2009-09-16,,,,,,
2009-09-17,,,,,,
2009-09-18,,,,,,
2009-09-21,,,,,,
2009-09-22,,,,,,
2009-09-23,,,,,,
2009-09-24,,,,,,
2009-09-25,,,,,,
2009-09-28,,,,,,
2009-09-29,,,,,,
2009-09-30,,,,,,
2009-10-09,,,,,,
2009-10-12,,,,,,
2009-10-13,,,,,,
2009-10-14,,,,,,
2009-10-15,,,,,,
2009-10-16,,,,,,
2009-10-19,,,,,,
2009-10-20,,,,,,
2009-10-21,,,,,,
2009-10-22,,,,,,
2009-10-23,,,,,,
2009-10-26,,,,,,
2009-10-27,,,,,,
2009-10-28,,,,,,
2009-10-29,,,,,,
2009-10-30,,,,,,
2009-11-02,27.35,30.174999,27.290001,29.855,27.735415000000003,71684086.0
2009-11-03,,,,,,
2009-11-04,,,,,,
2009-11-05,,,,,,
2009-11-06,,,,,,
2009-11-09,,,,,,
2009-11-10,,,,,,
2009-11-11,,,,,,
2009-11-12,,,,,,
2009-11-13,,,,,,
2009-11-16,,,,,,
2009-11-17,,,,,,
2009-11-18,,,,,,
2009-11-19,,,,,,
2009-11-20,,,,,,
2009-11-23,,,,,,
2009-11-24,,,,,,
2009-11-25,,,,,,
2009-11-26,30.195,30.5,28.790001,28.940001000000002,26.885376,118443118.0
2009-11-27,28.74,28.74,27.645,27.684998999999998,25.719473,112672492.0
2009-11-30,,,,,,
2009-12-01,28.24,28.775,27.9,28.545,26.518419,77543834.0
2009-12-02,,,,,,
2009-12-03,,,,,,
2009-12-04,,,,,,
2009-12-07,,,,,,
2009-12-08,,,,,,
2009-12-09,,,,,,
2009-12-10,,,,,,
2009-12-11,,,,,,
2009-12-14,28.4,28.950001,27.75,28.655001000000002,26.620609,61295034.0
2009-12-15,,,,,,
2009-12-16,,,,,,
2009-12-17,28.055,28.225,27.200001,27.275,25.338583,61203030.0
2009-12-18,,,,,,
2009-12-21,,,,,,
2009-12-22,,,,,,
2009-12-23,,,,,,
2009-12-24,,,,,,
2009-12-25,26.0,26.290001,25.889999,25.950001,24.107653,51680434.0
2009-12-28,,,,,,
2009-12-29,,,,,,
2009-12-30,,,,,,
2009-12-31,,,,,,
2010-01-04,,,,,,
2010-01-05,,,,,,
2010-01-06,,,,,,
2010-01-07,,,,,,
2010-01-08,,,,,,
2010-01-11,,,,,,
2010-01-12,26.0,26.5,25.555,26.43,24.553573999999998,75649990.0
2010-01-13,,,,,,
2010-01-14,,,,,,
2010-01-15,,,,,,
2010-01-18,,,,,,
2010-01-19,,,,,,
2010-01-20,25.35,25.415001,24.440001000000002,24.48,22.742016,79173166.0
2010-01-21,,,,,,
2010-01-22,,,,,,
2010-01-25,,,,,,
2010-01-26,,,,,,
2010-01-27,,,,,,
2010-01-28,,,,,,
2010-01-29,,,,,,
2010-02-01,23.48,23.99,23.285,23.924999,22.226418,106637872.0
2010-02-02,,,,,,
2010-02-03,,,,,,
2010-02-04,,,,,,
2010-02-05,24.129998999999998,24.325001,24.0,24.035,22.328609,47722858.0
2010-02-08,,,,,,
2010-02-09,,,,,,
2010-02-10,,,,,,
2010-02-11,,,,,,
2010-02-12,,,,,,
2010-02-22,,,,,,
2010-02-23,,,,,,
2010-02-24,22.1,22.389999,22.0,22.305,20.721434,134447772.0
2010-02-25,,,,,,
2010-02-26,,,,,,
2010-03-01,,,,,,
2010-03-02,,,,,,
2010-03-03,,,,,,
2010-03-04,,,,,,
2010-03-05,,,,,,
2010-03-08,,,,,,
2010-03-09,,,,,,
2010-03-10,,,,,,
2010-03-11,,,,,,
2010-03-12,,,,,,
2010-03-15,,,,,,
2010-03-16,,,,,,
2010-03-17,,,,,,
2010-03-18,,,,,,
2010-03-19,,,,,,
2010-03-22,,,,,,
2010-03-23,,,,,,
2010-03-24,,,,,,
2010-03-25,,,,,,
2010-03-26,,,,,,
2010-03-29,,,,,,
2010-03-30,,,,,,
2010-03-31,,,,,,
2010-04-01,,,,,,
2010-04-02,,,,,,
2010-04-06,,,,,,
2010-04-07,,,,,,
2010-04-08,,,,,,
2010-04-09,,,,,,
2010-04-12,,,,,,
2010-04-13,,,,,,
2010-04-14,,,,,,
2010-04-15,,,,,,
2010-04-16,,,,,,
2010-04-19,,,,,,
2010-04-20,,,,,,
2010-04-21,,,,,,
2010-04-22,,,,,,
2010-04-23,,,,,,
2010-04-26,,,,,,
2010-04-27,,,,,,
2010-04-28,,,,,,
2010-04-29,,,,,,
2010-04-30,,,,,,
2010-05-04,,,,,,
2010-05-05,,,,,,
2010-05-06,,,,,,
2010-05-07,,,,,,
2010-05-10,,,,,,
2010-05-11,,,,,,
2010-05-12,,,,,,
2010-05-13,,,,,,
2010-05-14,,,,,,
2010-05-17,,,,,,
2010-05-18,,,,,,
2010-05-19,,,,,,
2010-05-20,,,,,,
2010-05-21,,,,,,
2010-05-24,,,,,,
2010-05-25,,,,,,
2010-05-26,22.9,23.125,22.4,22.709999,21.097679,36074282.0
2010-05-27,,,,,,
2010-05-28,,,,,,
2010-05-31,,,,,,
2010-06-01,,,,,,
2010-06-02,,,,,,
2010-06-03,,,,,,
2010-06-04,,,,,,
2010-06-07,,,,,,
2010-06-08,22.275,22.43,21.855,22.139999,20.568148,33268502.0
2010-06-09,,,,,,
2010-06-10,,,,,,
2010-06-11,,,,,,
2010-06-15,,,,,,
2010-06-17,,,,,,
2010-06-18,22.525,22.865,22.4,22.465,20.870075,45997226.0
2010-06-21,,,,,,
2010-06-22,,,,,,
2010-06-23,,,,,,
2010-06-24,,,,,,
2010-06-25,,,,,,
2010-06-28,,,,,,
2010-06-29,,,,,,
2010-06-30,,,,,,
2010-07-01,,,,,,
2010-07-02,,,,,,
2010-07-05,,,,,,
2010-07-06,,,,,,
2010-07-07,,,,,,
2010-07-08,,,,,,
2010-07-09,,,,,,
2010-07-12,,,,,,
2010-07-13,,,,,,
2010-07-14,,,,,,
2010-07-15,,,,,,
2010-07-16,,,,,,
2010-07-19,,,,,,
2010-07-20,,,,,,
2010-07-21,,,,,,
2010-07-22,,,,,,
2010-07-23,,,,,,
2010-07-26,,,,,,
2010-07-27,,,,,,
2010-07-28,,,,,,
2010-07-29,,,,,,
2010-07-30,,,,,,
2010-08-02,,,,,,
2010-08-03,,,,,,
2010-08-04,,,,,,
2010-08-05,,,,,,
2010-08-06,,,,,,
2010-08-09,,,,,,
2010-08-10,,,,,,
2010-08-11,,,,,,
2010-08-12,,,,,,
2010-08-13,,,,,,
2010-08-16,,,,,,
2010-08-17,,,,,,
2010-08-18,,,,,,
2010-08-19,,,,,,
2010-08-20,,,,,,
2010-08-23,,,,,,
2010-08-24,,,,,,
2010-08-25,,,,,,
2010-08-26,,,,,,
2010-08-27,,,,,,
2010-08-30,,,,,,
2010-08-31,,,,,,
2010-09-01,,,,,,
2010-09-02,,,,,,
2010-09-03,,,,,,
2010-09-06,,,,,,
2010-09-07,,,,,,
2010-09-08,,,,,,
2010-09-09,,,,,,
2010-09-10,,,,,,
2010-09-13,,,,,,
2010-09-14,,,,,,
2010-09-15,,,,,,
2010-09-16,,,,,,
2010-09-17,,,,,,
2010-09-20,,,,,,
2010-09-21,,,,,,
2010-09-27,,,,,,
2010-09-28,,,,,,
2010-09-29,,,,,,
2010-09-30,,,,,,
2010-10-08,,,,,,
2010-10-11,,,,,,
2010-10-12,,,,,,
2010-10-13,,,,,,
2010-10-14,,,,,,
2010-10-15,,,,,,
2010-10-18,31.35,32.099998,30.0,30.245001000000002,28.097727000000003,119443508.0
2010-10-19,,,,,,
2010-10-20,,,,,,
2010-10-21,,,,,,
2010-10-22,,,,,,
2010-10-25,,,,,,
2010-10-26,,,,,,
2010-10-27,,,,,,
2010-10-28,30.15,30.690001000000002,30.0,30.405001000000002,28.246367,88222392.0
2010-10-29,,,,,,
2010-11-01,,,,,,
2010-11-02,,,,,,
2010-11-03,,,,,,
2010-11-04,,,,,,
2010-11-05,,,,,,
2010-11-08,,,,,,
2010-11-09,,,,,,
2010-11-10,,,,,,
2010-11-11,,,,,,
2010-11-12,,,,,,
2010-11-15,,,,,,
2010-11-16,,,,,,
2010-11-17,,,,,,
2010-11-18,,,,,,
2010-11-19,,,,,,
2010-11-22,,,,,,
2010-11-23,28.805,28.9,27.91,28.129998999999998,26.132879,61546324.0
2010-11-24,,,,,,
2010-11-25,,,,,,
2010-11-26,,,,,,
2010-11-29,,,,,,
2010-11-30,,,,,,
2010-12-01,,,,,,
2010-12-02,,,,,,
2010-12-03,28.725,29.4,28.65,29.309998999999998,27.229103000000002,67386988.0
2010-12-06,,,,,,
2010-12-07,,,,,,
2010-12-08,30.094998999999998,30.315001000000002,29.565001000000002,29.605,27.503159999999998,36579518.0
2010-12-09,,,,,,
2010-12-10,,,,,,
2010-12-13,,,,,,
2010-12-14,,,,,,
2010-12-15,,,,,,
2010-12-16,,,,,,
2010-12-17,,,,,,
2010-12-20,28.915001,28.98,27.75,28.105,26.109655,60844064.0
2010-12-21,,,,,,
2010-12-22,,,,,,
2010-12-23,,,,,,
2010-12-24,,,,,,
2010-12-27,,,,,,
2010-12-28,27.85,28.285,27.5,27.555,25.598703,43977230.0
2010-12-29,,,,,,
2010-12-30,,,,,,
2010-12-31,,,,,,
2011-01-04,,,,,,
2011-01-05,,,,,,
2011-01-06,,,,,,
2011-01-07,,,,,,
2011-01-10,,,,,,
2011-01-11,,,,,,
2011-01-12,,,,,,
2011-01-13,26.610001,26.719998999999998,26.275,26.49,24.609316,39024098.0
2011-01-14,,,,,,
2011-01-17,,,,,,
2011-01-18,,,,,,
2011-01-19,,,,,,
2011-01-20,,,,,,
2011-01-21,,,,,,
2011-01-24,,,,,,
2011-01-25,24.17,24.5,23.950001,24.25,22.528347,40156196.0
2011-01-26,,,,,,
2011-01-27,,,,,,
2011-01-28,,,,,,
2011-01-31,,,,,,
2011-02-01,,,,,,
2011-02-09,24.9,25.375,24.725,24.950001,23.178648000000003,43512872.0
2011-02-10,,,,,,
2011-02-11,,,,,,
2011-02-14,25.0,26.25,24.98,26.145,24.288809,109709916.0
2011-02-15,,,,,,
2011-02-16,,,,,,
2011-02-17,25.754998999999998,25.950001,25.5,25.629998999999998,23.810369,51565026.0
2011-02-18,,,,,,
2011-02-21,25.49,25.825001,25.34,25.780001000000002,23.949724,43524872.0
2011-02-22,,,,,,
2011-02-23,,,,,,
2011-02-24,24.450001,24.5,24.105,24.434998999999998,22.700212,54264342.0
2011-02-25,,,,,,
2011-02-28,,,,,,
2011-03-01,,,,,,
2011-03-02,,,,,,
2011-03-03,,,,,,
2011-03-04,25.48,26.125,25.375,26.065001000000002,24.214489,96245804.0
2011-03-07,,,,,,
2011-03-08,,,,,,
2011-03-09,,,,,,
2011-03-10,26.6,26.6,25.780001000000002,25.82,23.986883,86548552.0
2011-03-11,,,,,,
2011-03-14,,,,,,
2011-03-15,,,,,,
2011-03-16,,,,,,
2011-03-17,,,,,,
2011-03-18,,,,,,
2011-03-21,,,,,,
2011-03-22,,,,,,
2011-03-23,,,,,,
2011-03-24,,,,,,
2011-03-25,25.07,25.545,24.959999,25.254998999999998,23.461992000000002,56441572.0
2011-03-28,,,,,,
2011-03-29,,,,,,
2011-03-30,,,,,,
2011-03-31,,,,,,
2011-04-01,,,,,,
2011-04-06,25.92,26.719998999999998,25.855,26.615,24.725441,155977318.0
2011-04-07,,,,,,
2011-04-08,,,,,,
2011-04-11,,,,,,
2011-04-12,,,,,,
2011-04-13,25.83,26.799999,25.795,26.754998999999998,24.855499,69002790.0
2011-04-14,,,,,,
2011-04-15,,,,,,
2011-04-18,,,,,,
2011-04-19,,,,,,
2011-04-20,,,,,,
2011-04-21,,,,,,
2011-04-22,,,,,,
2011-04-25,,,,,,
2011-04-26,25.74,26.055,25.690001000000002,25.785,23.954365,38047926.0
2011-04-27,,,,,,
2011-04-28,,,,,,
2011-04-29,,,,,,
2011-05-03,,,,,,
2011-05-04,,,,,,
2011-05-05,,,,,,
2011-05-06,24.889999,25.254998999999998,24.834999,25.040001,23.262259,34896592.0
2011-05-09,,,,,,
2011-05-10,,,,,,
2011-05-11,25.125,25.275,24.924999,25.120001000000002,23.336579999999998,21164382.0
2011-05-12,24.889999,25.075001,24.6,24.605,22.858145,31880950.0
2011-05-13,,,,,,
2011-05-16,,,,,,
2011-05-17,,,,,,
2011-05-18,,,,,,
2011-05-19,25.120001000000002,25.245001000000002,24.855,24.945,23.174001999999998,22973512.0
2011-05-20,,,,,,
2011-05-23,,,,,,
2011-05-24,,,,,,
2011-05-25,,,,,,
2011-05-26,,,,,,
2011-05-27,,,,,,
2011-05-30,23.940001000000002,24.155001000000002,23.870001000000002,23.99,22.286804,26611720.0
2011-05-31,,,,,,
2011-06-01,,,,,,
2011-06-02,,,,,,
2011-06-03,,,,,,
2011-06-07,,,,,,
2011-06-08,,,,,,
2011-06-09,,,,,,
2011-06-10,,,,,,
2011-06-13,,,,,,
2011-06-14,,,,,,
2011-06-15,23.565001000000002,23.67,23.17,23.195,21.548248,25400116.0
2011-06-16,,,,,,
2011-06-17,,,,,,
2011-06-20,,,,,,
2011-06-21,,,,,,
2011-06-22,,,,,,
2011-06-23,,,,,,
2011-06-24,,,,,,
2011-06-27,,,,,,
2011-06-28,,,,,,
2011-06-29,,,,,,
2011-06-30,,,,,,
2011-07-01,24.190001000000002,24.275,23.915001,24.07,22.361126000000002,30757086.0
2011-07-04,24.219998999999998,24.674999,24.219998999999998,24.584999,22.839561,43972614.0
2011-07-05,,,,,,
2011-07-06,,,,,,
2011-07-07,,,,,,
2011-07-08,24.4,24.549999,24.15,24.245001000000002,22.523701000000003,28283070.0
2011-07-11,,,,,,
2011-07-12,,,,,,
2011-07-13,,,,,,
2011-07-14,,,,,,
2011-07-15,23.655001000000002,24.049999,23.49,23.889999,22.193901,27217294.0
2011-07-18,,,,,,
2011-07-19,,,,,,
2011-07-20,,,,,,
2011-07-21,,,,,,
2011-07-22,,,,,,
2011-07-25,,,,,,
2011-07-26,,,,,,
2011-07-27,22.639999,22.68,22.325001,22.5,20.902588,46203656.0
2011-07-28,,,,,,
2011-07-29,,,,,,
2011-08-01,,,,,,
2011-08-02,,,,,,
2011-08-03,,,,,,
2011-08-04,,,,,,
2011-08-05,,,,,,
2011-08-08,,,,,,
2011-08-09,19.93,20.445,19.805,20.344998999999998,18.900582999999997,71690184.0
2011-08-10,,,,,,
2011-08-11,,,,,,
2011-08-12,,,,,,
2011-08-15,,,,,,
2011-08-16,,,,,,
2011-08-17,,,,,,
2011-08-18,,,,,,
2011-08-19,,,,,,
2011-08-22,,,,,,
2011-08-23,,,,,,
2011-08-24,,,,,,
2011-08-25,,,,,,
2011-08-26,,,,,,
2011-08-29,,,,,,
2011-08-30,,,,,,
2011-08-31,,,,,,
2011-09-01,,,,,,
2011-09-02,,,,,,
2011-09-05,,,,,,
2011-09-06,,,,,,
2011-09-07,,,,,,
2011-09-08,,,,,,
2011-09-09,,,,,,
2011-09-13,,,,,,
2011-09-14,19.889999,19.950001,19.344998999999998,19.735001,18.333893,35516848.0
2011-09-15,,,,,,
2011-09-16,,,,,,
2011-09-19,,,,,,
2011-09-20,,,,,,
2011-09-21,,,,,,
2011-09-22,,,,,,
2011-09-23,,,,,,
2011-09-26,,,,,,
2011-09-27,,,,,,
2011-09-28,,,,,,
2011-09-29,,,,,,
2011-09-30,,,,,,
2011-10-10,,,,,,
2011-10-11,,,,,,
2011-10-12,,,,,,
2011-10-13,,,,,,
2011-10-14,,,,,,
2011-10-17,,,,,,
2011-10-18,,,,,,
2011-10-19,,,,,,
2011-10-20,,,,,,
2011-10-21,,,,,,
2011-10-24,,,,,,
2011-10-25,,,,,,
2011-10-26,,,,,,
2011-10-27,,,,,,
2011-10-28,,,,,,
2011-10-31,,,,,,
2011-11-01,,,,,,
2011-11-02,,,,,,
2011-11-03,20.08,20.65,20.08,20.190001000000002,18.75659,84182270.0
2011-11-04,20.459999,20.6,20.184998999999998,20.195,18.761233999999998,60040998.0
2011-11-07,20.07,20.200001,19.85,19.889999,18.477885999999998,37134042.0
2011-11-08,,,,,,
2011-11-09,,,,,,
2011-11-10,,,,,,
2011-11-11,,,,,,
2011-11-14,,,,,,
2011-11-15,,,,,,
2011-11-16,,,,,,
2011-11-17,,,,,,
2011-11-18,18.434998999999998,18.59,18.049999,18.190001000000002,16.898582,49221798.0
2011-11-21,,,,,,
2011-11-22,18.15,18.4,18.07,18.17,16.880005,38925980.0
2011-11-23,,,,,,
2011-11-24,,,,,,
2011-11-25,,,,,,
2011-11-28,,,,,,
2011-11-29,,,,,,
2011-11-30,,,,,,
2011-12-01,,,,,,
2011-12-02,18.450001,18.59,18.299999,18.535,17.219089999999998,40552300.0
2011-12-05,,,,,,
2011-12-06,,,,,,
2011-12-07,,,,,,
2011-12-08,,,,,,
2011-12-09,18.799999,19.094998999999998,18.75,18.985001,17.637144,26612066.0
2011-12-12,,,,,,
2011-12-13,,,,,,
2011-12-14,,,,,,
2011-12-15,,,,,,
2011-12-16,,,,,,
2011-12-19,,,,,,
2011-12-20,,,,,,
2011-12-21,,,,,,
2011-12-22,,,,,,
2011-12-23,,,,,,
2011-12-26,,,,,,
2011-12-27,,,,,,
2011-12-28,,,,,,
2011-12-29,,,,,,
2011-12-30,17.049999,17.33,17.02,17.219998999999998,15.997446,29290916.0
2012-01-04,17.049999,17.5,16.905001000000002,16.950001,15.746615,58435316.0
2012-01-05,,,,,,
2012-01-06,,,,,,
2012-01-09,,,,,,
2012-01-10,,,,,,
2012-01-11,,,,,,
2012-01-12,,,,,,
2012-01-13,,,,,,
2012-01-16,,,,,,
2012-01-17,17.889999,18.959999,17.725,18.91,17.567463,62458654.0
2012-01-18,,,,,,
2012-01-19,,,,,,
2012-01-20,,,,,,
2012-01-30,19.549999,19.549999,19.549999,19.549999,18.162025,0.0
2012-01-31,,,,,,
2012-02-01,19.115,19.32,18.559998999999998,18.705,17.37702,54041872.0
2012-02-02,,,,,,
2012-02-03,,,,,,
2012-02-06,,,,,,
2012-02-07,,,,,,
2012-02-08,,,,,,
2012-02-09,,,,,,
2012-02-10,,,,,,
2012-02-13,19.77,20.424999,19.725,20.139999,18.710138,41023412.0
2012-02-14,,,,,,
2012-02-15,,,,,,
2012-02-16,,,,,,
2012-02-17,20.094998999999998,20.16,19.725,19.875,18.463953,34772986.0
2012-02-20,,,,,,
2012-02-21,,,,,,
2012-02-22,20.285,20.665001,20.1,20.545,19.086385999999997,48132110.0
2012-02-23,,,,,,
2012-02-24,,,,,,
2012-02-27,,,,,,
2012-02-28,20.790001,20.995001000000002,20.66,20.855,19.374376,40032480.0
2012-02-29,,,,,,
2012-03-01,,,,,,
2012-03-02,,,,,,
2012-03-05,,,,,,
2012-03-06,,,,,,
2012-03-07,,,,,,
2012-03-08,,,,,,
2012-03-09,,,,,,
2012-03-12,20.030001000000002,20.030001000000002,19.549999,19.889999,18.477885999999998,48203322.0
2012-03-13,,,,,,
2012-03-14,,,,,,
2012-03-15,19.825001,20.094998999999998,19.754998999999998,19.77,18.366409,39208964.0
2012-03-16,,,,,,
2012-03-19,,,,,,
2012-03-20,,,,,,
2012-03-21,,,,,,
2012-03-22,,,,,,
2012-03-23,,,,,,
2012-03-26,,,,,,
2012-03-27,,,,,,
2012-03-28,,,,,,
2012-03-29,,,,,,
2012-03-30,,,,,,
2012-04-05,18.290001,19.0,18.07,18.879998999999998,17.539591,57756542.0
2012-04-06,18.875,19.17,18.790001,19.040001,17.68824,38465994.0
2012-04-09,,,,,,
2012-04-10,,,,,,
2012-04-11,,,,,,
2012-04-12,,,,,,
2012-04-13,,,,,,
2012-04-16,,,,,,
2012-04-17,,,,,,
2012-04-18,,,,,,
2012-04-19,,,,,,
2012-04-20,,,,,,
2012-04-23,,,,,,
2012-04-24,,,,,,
2012-04-25,,,,,,
2012-04-26,20.495001000000002,20.799999,20.485001,20.594998999999998,19.132837,44800876.0
2012-04-27,,,,,,
2012-05-02,,,,,,
2012-05-03,,,,,,
2012-05-04,,,,,,
2012-05-07,,,,,,
2012-05-08,,,,,,
2012-05-09,,,,,,
2012-05-10,,,,,,
2012-05-11,,,,,,
2012-05-14,,,,,,
2012-05-15,,,,,,
2012-05-16,,,,,,
2012-05-17,,,,,,
2012-05-18,,,,,,
2012-05-21,,,,,,
2012-05-22,,,,,,
2012-05-23,,,,,,
2012-05-24,,,,,,
2012-05-25,,,,,,
2012-05-28,,,,,,
2012-05-29,,,,,,
2012-05-30,,,,,,
2012-05-31,,,,,,
2012-06-01,20.950001,21.245001000000002,20.940001000000002,21.084999,19.588048999999998,28589722.0
2012-06-04,,,,,,
2012-06-05,,,,,,
2012-06-06,,,,,,
2012-06-07,20.75,21.08,20.450001,20.540001,19.081741,30127066.0
2012-06-08,,,,,,
2012-06-11,,,,,,
2012-06-12,,,,,,
2012-06-13,,,,,,
2012-06-14,,,,,,
2012-06-15,,,,,,
2012-06-18,,,,,,
2012-06-19,,,,,,
2012-06-20,,,,,,
2012-06-21,,,,,,
2012-06-25,,,,,,
2012-06-26,,,,,,
2012-06-27,,,,,,
2012-06-28,,,,,,
2012-06-29,,,,,,
2012-07-02,,,,,,
2012-07-03,,,,,,
2012-07-04,,,,,,
2012-07-05,,,,,,
2012-07-06,,,,,,
2012-07-09,,,,,,
2012-07-10,,,,,,
2012-07-11,,,,,,
2012-07-12,22.799999,22.799999,22.17,22.504998999999998,20.907234,70208232.0
2012-07-13,,,,,,
2012-07-16,22.495001000000002,22.495001000000002,21.725,21.785,20.23835,41712594.0
2012-07-17,,,,,,
2012-07-18,,,,,,
2012-07-19,,,,,,
2012-07-20,,,,,,
2012-07-23,,,,,,
2012-07-24,,,,,,
2012-07-25,,,,,,
2012-07-26,,,,,,
2012-07-27,,,,,,
2012-07-30,,,,,,
2012-07-31,,,,,,
2012-08-01,,,,,,
2012-08-02,,,,,,
2012-08-03,,,,,,
2012-08-06,,,,,,
2012-08-07,,,,,,
2012-08-08,,,,,,
2012-08-09,,,,,,
2012-08-10,,,,,,
2012-08-13,,,,,,
2012-08-14,,,,,,
2012-08-15,,,,,,
2012-08-16,,,,,,
2012-08-17,20.725,20.85,20.5,20.809998999999998,19.332570999999998,28500416.0
2012-08-20,,,,,,
2012-08-21,,,,,,
2012-08-22,,,,,,
2012-08-23,,,,,,
2012-08-24,,,,,,
2012-08-27,,,,,,
2012-08-28,,,,,,
2012-08-29,,,,,,
2012-08-30,,,,,,
2012-08-31,,,,,,
2012-09-03,,,,,,
2012-09-04,20.0,20.040001,19.629998999999998,19.715,18.315313,20072938.0
2012-09-05,19.665001,19.940001000000002,19.565001000000002,19.625,18.231703,24311026.0
2012-09-06,19.74,20.049999,19.695,19.91,18.496469,19231348.0
2012-09-07,,,,,,
2012-09-10,,,,,,
2012-09-11,,,,,,
2012-09-12,,,,,,
2012-09-13,,,,,,
2012-09-14,,,,,,
2012-09-17,20.4,20.665001,20.0,20.014999,18.594013,31634050.0
2012-09-18,,,,,,
2012-09-19,,,,,,
2012-09-20,,,,,,
2012-09-21,,,,,,
2012-09-24,,,,,,
2012-09-25,20.1,20.610001,20.1,20.315001000000002,18.872717,27650264.0
2012-09-26,,,,,,
2012-09-27,20.24,21.115,20.24,20.82,19.485741,50814032.0
2012-09-28,20.625,21.030001000000002,20.549999,20.969998999999998,19.626123,45092098.0
2012-10-08,,,,,,
2012-10-09,,,,,,
2012-10-10,,,,,,
2012-10-11,,,,,,
2012-10-12,,,,,,
2012-10-15,,,,,,
2012-10-16,,,,,,
2012-10-17,,,,,,
2012-10-18,20.75,20.985001,20.504998999999998,20.895,19.555933,35037070.0
2012-10-19,,,,,,
2012-10-22,,,,,,
2012-10-23,,,,,,
2012-10-24,,,,,,
2012-10-25,,,,,,
2012-10-26,,,,,,
2012-10-29,,,,,,
2012-10-30,,,,,,
2012-10-31,19.379998999999998,19.469998999999998,19.200001,19.4,18.15674,20281056.0
2012-11-01,,,,,,
2012-11-02,,,,,,
2012-11-05,19.5,19.575001,19.145,19.379998999999998,18.138023,53218724.0
2012-11-06,,,,,,
2012-11-07,,,,,,
2012-11-08,,,,,,
2012-11-09,,,,,,
2012-11-12,19.315001000000002,19.370001000000002,18.940001000000002,19.1,17.875967000000003,34970312.0
2012-11-13,,,,,,
2012-11-14,,,,,,
2012-11-15,,,,,,
2012-11-16,,,,,,
2012-11-19,,,,,,
2012-11-20,,,,,,
2012-11-21,,,,,,
2012-11-22,,,,,,
2012-11-23,,,,,,
2012-11-26,,,,,,
2012-11-27,,,,,,
2012-11-28,,,,,,
2012-11-29,,,,,,
2012-11-30,,,,,,
2012-12-03,,,,,,
2012-12-04,,,,,,
2012-12-05,18.674999,19.58,18.674999,19.459999,18.212894,75666732.0
2012-12-06,,,,,,
2012-12-07,,,,,,
2012-12-10,,,,,,
2012-12-11,,,,,,
2012-12-12,,,,,,
2012-12-13,,,,,,
2012-12-14,,,,,,
2012-12-17,20.98,21.5,20.940001000000002,21.254998999999998,19.89286,74054594.0
2012-12-18,,,,,,
2012-12-19,,,,,,
2012-12-20,,,,,,
2012-12-21,,,,,,
2012-12-24,,,,,,
2012-12-25,,,,,,
2012-12-26,,,,,,
2012-12-27,21.870001000000002,22.0,21.525,21.615,20.229789999999998,37745194.0
2012-12-28,,,,,,
2012-12-31,,,,,,
2013-01-04,23.355,24.905001000000002,23.200001,23.555,22.045465,117426966.0
2013-01-07,,,,,,
2013-01-08,,,,,,
2013-01-09,,,,,,
2013-01-10,,,,,,
2013-01-11,,,,,,
2013-01-14,,,,,,
2013-01-15,,,,,,
2013-01-16,,,,,,
2013-01-17,,,,,,
2013-01-18,,,,,,
2013-01-21,,,,,,
2013-01-22,,,,,,
2013-01-23,23.1,23.465,22.955,23.219998999999998,21.731934,47027028.0
2013-01-24,,,,,,
2013-01-25,,,,,,
2013-01-28,,,,,,
2013-01-29,,,,,,
2013-01-30,,,,,,
2013-01-31,,,,,,
2013-02-01,,,,,,
2013-02-04,,,,,,
2013-02-05,,,,,,
2013-02-06,,,,,,
2013-02-07,,,,,,
2013-02-08,,,,,,
2013-02-18,,,,,,
2013-02-19,,,,,,
2013-02-20,,,,,,
2013-02-21,24.014999,24.049999,22.940001000000002,23.370001000000002,21.872324,107645448.0
2013-02-22,,,,,,
2013-02-25,,,,,,
2013-02-26,,,,,,
2013-02-27,,,,,,
2013-02-28,,,,,,
2013-03-01,,,,,,
2013-03-04,,,,,,
2013-03-05,,,,,,
2013-03-06,,,,,,
2013-03-07,,,,,,
2013-03-08,21.915001,22.23,21.695,21.959999,20.552681,58048688.0
2013-03-11,,,,,,
2013-03-12,,,,,,
2013-03-13,,,,,,
2013-03-14,,,,,,
2013-03-15,,,,,,
2013-03-18,,,,,,
2013-03-19,20.334999,20.815001000000002,20.334999,20.795,19.462341000000002,44997734.0
2013-03-20,,,,,,
2013-03-21,,,,,,
2013-03-22,,,,,,
2013-03-25,21.764999,21.895,21.254998999999998,21.42,20.047291,39170146.0
2013-03-26,,,,,,
2013-03-27,,,,,,
2013-03-28,,,,,,
2013-03-29,,,,,,
2013-04-01,20.635,20.77,20.440001000000002,20.495001000000002,19.181566,50178988.0
2013-04-02,,,,,,
2013-04-03,,,,,,
2013-04-08,,,,,,
2013-04-09,,,,,,
2013-04-10,,,,,,
2013-04-11,,,,,,
2013-04-12,,,,,,
2013-04-15,,,,,,
2013-04-16,,,,,,
2013-04-17,,,,,,
2013-04-18,,,,,,
2013-04-19,,,,,,
2013-04-22,,,,,,
2013-04-23,,,,,,
2013-04-24,,,,,,
2013-04-25,,,,,,
2013-04-26,,,,,,
2013-05-02,,,,,,
2013-05-03,20.15,20.725,20.1,20.545,19.228361,65765004.0
2013-05-06,,,,,,
2013-05-07,,,,,,
2013-05-08,,,,,,
2013-05-09,,,,,,
2013-05-10,,,,,,
2013-05-13,,,,,,
2013-05-14,,,,,,
2013-05-15,19.565001000000002,19.635,19.174999,19.344998999999998,18.105267,65174712.0
2013-05-16,,,,,,
2013-05-17,,,,,,
2013-05-20,,,,,,
2013-05-21,,,,,,
2013-05-22,,,,,,
2013-05-23,20.25,20.25,19.735001,19.74,18.474953,63776106.0
2013-05-24,,,,,,
2013-05-27,,,,,,
2013-05-28,,,,,,
2013-05-29,,,,,,
2013-05-30,,,,,,
2013-05-31,,,,,,
2013-06-03,19.82,20.049999,19.745001000000002,19.815001000000002,18.545145,42067324.0
2013-06-04,,,,,,
2013-06-05,,,,,,
2013-06-06,,,,,,
2013-06-07,,,,,,
2013-06-13,,,,,,
2013-06-14,,,,,,
2013-06-17,,,,,,
2013-06-18,,,,,,
2013-06-19,,,,,,
2013-06-20,,,,,,
2013-06-21,,,,,,
2013-06-24,,,,,,
2013-06-25,,,,,,
2013-06-26,,,,,,
2013-06-27,,,,,,
2013-06-28,17.0,17.745001000000002,16.91,17.379998999999998,16.266191,52811250.0
2013-07-01,,,,,,
2013-07-02,17.190001000000002,17.25,16.85,17.209999,16.107088,53934614.0
2013-07-03,,,,,,
2013-07-04,,,,,,
2013-07-05,,,,,,
2013-07-08,,,,,,
2013-07-09,,,,,,
2013-07-10,,,,,,
2013-07-11,,,,,,
2013-07-12,,,,,,
2013-07-15,,,,,,
2013-07-16,,,,,,
2013-07-17,,,,,,
2013-07-18,,,,,,
2013-07-19,,,,,,
2013-07-22,,,,,,
2013-07-23,,,,,,
2013-07-24,,,,,,
2013-07-25,,,,,,
2013-07-26,,,,,,
2013-07-29,,,,,,
2013-07-30,,,,,,
2013-07-31,,,,,,
2013-08-01,,,,,,
2013-08-02,,,,,,
2013-08-05,16.219998999999998,16.5,16.115,16.495001000000002,15.437910999999998,59492372.0
2013-08-06,,,,,,
2013-08-07,,,,,,
2013-08-08,,,,,,
2013-08-09,,,,,,
2013-08-12,,,,,,
2013-08-13,,,,,,
2013-08-14,,,,,,
2013-08-15,,,,,,
2013-08-16,,,,,,
2013-08-19,17.025,17.34,16.83,17.27,16.163242,70591964.0
2013-08-20,,,,,,
2013-08-21,17.125,17.33,16.934998999999998,17.125,16.027535999999998,35877382.0
2013-08-22,,,,,,
2013-08-23,,,,,,
2013-08-26,,,,,,
2013-08-27,,,,,,
2013-08-28,,,,,,
2013-08-29,,,,,,
2013-08-30,,,,,,
2013-09-02,,,,,,
2013-09-03,17.690001000000002,18.105,17.67,18.040001,16.883898000000002,99243674.0
2013-09-04,,,,,,
2013-09-05,17.9,18.030001000000002,17.799999,17.875,16.729469,44633766.0
2013-09-06,,,,,,
2013-09-09,,,,,,
2013-09-10,,,,,,
2013-09-11,,,,,,
2013-09-12,19.0,19.75,18.76,19.32,18.081867000000003,147855182.0
2013-09-13,,,,,,
2013-09-16,,,,,,
2013-09-17,,,,,,
2013-09-18,,,,,,
2013-09-23,,,,,,
2013-09-24,,,,,,
2013-09-25,,,,,,
2013-09-26,,,,,,
2013-09-27,,,,,,
2013-09-30,,,,,,
2013-10-08,17.85,17.85,17.85,17.85,16.706073999999997,0.0
2013-10-09,,,,,,
2013-10-10,18.15,18.16,17.68,17.780001000000002,16.640562,55442504.0
2013-10-11,,,,,,
2013-10-14,,,,,,
2013-10-15,,,,,,
2013-10-16,,,,,,
2013-10-17,18.07,18.110001,17.780001000000002,17.790001,16.64992,32402644.0
2013-10-18,,,,,,
2013-10-21,,,,,,
2013-10-22,,,,,,
2013-10-23,,,,,,
2013-10-24,,,,,,
2013-10-25,,,,,,
2013-10-28,,,,,,
2013-10-29,,,,,,
2013-10-30,,,,,,
2013-10-31,,,,,,
2013-11-01,,,,,,
2013-11-04,,,,,,
2013-11-05,,,,,,
2013-11-06,,,,,,
2013-11-07,,,,,,
2013-11-08,,,,,,
2013-11-11,,,,,,
2013-11-12,,,,,,
2013-11-13,18.450001,18.549999,18.1,18.135,16.972808999999998,76232136.0
2013-11-14,,,,,,
2013-11-15,,,,,,
2013-11-18,19.445,20.700001,19.225,20.57,19.251762,298574460.0
2013-11-19,,,,,,
2013-11-20,,,,,,
2013-11-21,,,,,,
2013-11-22,,,,,,
2013-11-25,,,,,,
2013-11-26,,,,,,
2013-11-27,,,,,,
2013-11-28,,,,,,
2013-11-29,,,,,,
2013-12-02,,,,,,
2013-12-03,,,,,,
2013-12-04,21.415001,22.33,21.365,22.125,20.707109,125747006.0
2013-12-05,,,,,,
2013-12-06,,,,,,
2013-12-09,,,,,,
2013-12-10,,,,,,
2013-12-11,,,,,,
2013-12-12,,,,,,
2013-12-13,,,,,,
2013-12-16,21.09,21.34,20.875,21.01,19.663563,76676912.0
2013-12-17,,,,,,
2013-12-18,,,,,,
2013-12-19,,,,,,
2013-12-20,,,,,,
2013-12-23,,,,,,
2013-12-24,,,,,,
2013-12-25,,,,,,
2013-12-26,,,,,,
2013-12-27,,,,,,
2013-12-30,20.610001,20.75,20.395,20.405001000000002,19.097336,49618838.0
2013-12-31,20.35,20.93,20.299999,20.865,19.527855,70106206.0
2014-01-02,,,,,,
2014-01-03,,,,,,
2014-01-06,,,,,,
2014-01-07,19.815001000000002,20.145,19.815001000000002,20.045,18.760405,43928144.0
2014-01-08,,,,,,
2014-01-09,,,,,,
2014-01-10,,,,,,
2014-01-13,,,,,,
2014-01-14,,,,,,
2014-01-15,,,,,,
2014-01-16,,,,,,
2014-01-17,,,,,,
2014-01-20,,,,,,
2014-01-21,,,,,,
2014-01-22,,,,,,
2014-01-23,,,,,,
2014-01-24,,,,,,
2014-01-27,,,,,,
2014-01-28,,,,,,
2014-01-29,19.65,19.695,19.514999,19.639999,18.381357,38079180.0
2014-01-30,,,,,,
2014-02-07,,,,,,
2014-02-10,,,,,,
2014-02-11,19.49,20.0,19.355,19.780001000000002,18.512386,84998882.0
2014-02-12,,,,,,
2014-02-13,,,,,,
2014-02-14,,,,,,
2014-02-17,,,,,,
2014-02-18,,,,,,
2014-02-19,,,,,,
2014-02-20,,,,,,
2014-02-21,19.299999,19.530001000000002,19.184998999999998,19.514999,18.26437,59450222.0
2014-02-24,,,,,,
2014-02-25,,,,,,
2014-02-26,,,,,,
2014-02-27,,,,,,
2014-02-28,,,,,,
2014-03-03,,,,,,
2014-03-04,18.959999,19.195,18.77,18.985001,17.768335,45185164.0
2014-03-05,,,,,,
2014-03-06,,,,,,
2014-03-07,,,,,,
2014-03-10,,,,,,
2014-03-11,,,,,,
2014-03-12,,,,,,
2014-03-13,18.26,18.555,18.165001,18.370001000000002,17.192747,40996876.0
2014-03-14,18.299999,18.49,18.254998999999998,18.34,17.164673,43751636.0
2014-03-17,,,,,,
2014-03-18,,,,,,
2014-03-19,,,,,,
2014-03-20,,,,,,
2014-03-21,,,,,,
2014-03-24,,,,,,
2014-03-25,,,,,,
2014-03-26,,,,,,
2014-03-27,,,,,,
2014-03-28,,,,,,
2014-03-31,,,,,,
2014-04-01,,,,,,
2014-04-02,,,,,,
2014-04-03,,,,,,
2014-04-04,,,,,,
2014-04-08,19.4,20.075001,19.375,19.945,18.666815,106889506.0
2014-04-09,,,,,,
2014-04-10,,,,,,
2014-04-11,,,,,,
2014-04-14,,,,,,
2014-04-15,,,,,,
2014-04-16,,,,,,
2014-04-17,,,,,,
2014-04-18,,,,,,
2014-04-21,,,,,,
2014-04-22,,,,,,
2014-04-23,,,,,,
2014-04-24,,,,,,
2014-04-25,,,,,,
2014-04-28,19.405001000000002,19.584999,19.004998999999998,19.045,17.824493,40474664.0
2014-04-29,,,,,,
2014-04-30,,,,,,
2014-05-05,,,,,,
2014-05-06,,,,,,
2014-05-07,,,,,,
2014-05-08,,,,,,
2014-05-09,,,,,,
2014-05-12,,,,,,
2014-05-13,20.040001,20.200001,19.870001000000002,19.959999,18.680853,30393608.0
2014-05-14,,,,,,
2014-05-15,,,,,,
2014-05-16,,,,,,
2014-05-19,,,,,,
2014-05-20,,,,,,
2014-05-21,,,,,,
2014-05-22,,,,,,
2014-05-23,,,,,,
2014-05-26,,,,,,
2014-05-27,,,,,,
2014-05-28,,,,,,
2014-05-29,,,,,,
2014-05-30,20.045,20.065001000000002,19.855,19.940001000000002,18.662136,36192394.0
2014-06-03,,,,,,
2014-06-04,,,,,,
2014-06-05,19.625,19.945,19.59,19.895,18.620017999999998,68027296.0
2014-06-06,,,,,,
2014-06-09,,,,,,
2014-06-10,,,,,,
2014-06-11,,,,,,
2014-06-12,20.040001,20.155001000000002,19.940001000000002,19.985001,18.704252,76138662.0
2014-06-13,,,,,,
2014-06-16,,,,,,
2014-06-17,,,,,,
2014-06-18,,,,,,
2014-06-19,,,,,,
2014-06-20,,,,,,
2014-06-23,,,,,,
2014-06-24,,,,,,
2014-06-25,,,,,,
2014-06-26,19.745001000000002,19.860001,19.715,19.85,18.577901999999998,26861080.0
2014-06-27,,,,,,
2014-06-30,,,,,,
2014-07-01,19.754998999999998,19.825001,19.555,19.639999,18.807732,31061724.0
2014-07-02,,,,,,
2014-07-03,,,,,,
2014-07-04,,,,,,
2014-07-07,,,,,,
2014-07-08,,,,,,
2014-07-09,,,,,,
2014-07-10,,,,,,
2014-07-11,19.790001,19.84,19.65,19.705,18.869976,25292114.0
2014-07-14,,,,,,
2014-07-15,,,,,,
2014-07-16,,,,,,
2014-07-17,19.85,19.975,19.795,19.955,19.109385,37559114.0
2014-07-18,,,,,,
2014-07-21,,,,,,
2014-07-22,,,,,,
2014-07-23,,,,,,
2014-07-24,,,,,,
2014-07-25,,,,,,
2014-07-28,,,,,,
2014-07-29,21.85,22.08,21.674999,21.965,21.034206,73863286.0
2014-07-30,,,,,,
2014-07-31,21.985001,22.35,21.690001000000002,22.309998999999998,21.364588,90384574.0
2014-08-01,,,,,,
2014-08-04,,,,,,
2014-08-05,,,,,,
2014-08-06,,,,,,
2014-08-07,,,,,,
2014-08-08,21.57,21.629998999999998,21.305,21.41,20.502724,74485410.0
2014-08-11,,,,,,
2014-08-12,,,,,,
2014-08-13,,,,,,
2014-08-14,,,,,,
2014-08-15,,,,,,
2014-08-18,,,,,,
2014-08-19,,,,,,
2014-08-20,21.594998999999998,21.635,21.370001000000002,21.455,20.545818,85272162.0
2014-08-21,,,,,,
2014-08-22,,,,,,
2014-08-25,,,,,,
2014-08-26,,,,,,
2014-08-27,,,,,,
2014-08-28,,,,,,
2014-08-29,21.18,21.280001000000002,21.055,21.25,20.349504,40443238.0
2014-09-01,,,,,,
2014-09-02,,,,,,
2014-09-03,,,,,,
2014-09-04,,,,,,
2014-09-05,,,,,,
2014-09-09,,,,,,
2014-09-10,,,,,,
2014-09-11,21.545,21.875,21.4,21.51,20.598489999999998,77012650.0
2014-09-12,,,,,,
2014-09-15,,,,,,
2014-09-16,,,,,,
2014-09-17,21.049999,21.049999,20.9,20.955,20.302979,52557466.0
2014-09-18,,,,,,
2014-09-19,,,,,,
2014-09-22,,,,,,
2014-09-23,,,,,,
2014-09-24,20.530001000000002,21.200001,20.530001000000002,21.174999,20.516132,103757116.0
2014-09-25,,,,,,
2014-09-26,,,,,,
2014-09-29,,,,,,
2014-09-30,,,,,,
2014-10-08,20.67,20.67,20.67,20.67,20.026846,0.0
2014-10-09,,,,,,
2014-10-10,,,,,,
2014-10-13,20.575001,20.594998999999998,20.32,20.440001000000002,19.804003,80360762.0
2014-10-14,,,,,,
2014-10-15,,,,,,
2014-10-16,,,,,,
2014-10-17,,,,,,
2014-10-20,,,,,,
2014-10-21,20.615,20.764999,20.459999,20.48,19.842758,62432202.0
2014-10-22,,,,,,
2014-10-23,,,,,,
2014-10-24,,,,,,
2014-10-27,,,,,,
2014-10-28,,,,,,
2014-10-29,,,,,,
2014-10-30,,,,,,
2014-10-31,,,,,,
2014-11-03,,,,,,
2014-11-04,,,,,,
2014-11-05,,,,,,
2014-11-06,,,,,,
2014-11-07,,,,,,
2014-11-10,,,,,,
2014-11-11,,,,,,
2014-11-12,21.49,21.940001000000002,21.375,21.905001000000002,21.223419,158477544.0
2014-11-13,,,,,,
2014-11-14,,,,,,
2014-11-17,,,,,,
2014-11-18,,,,,,
2014-11-19,,,,,,
2014-11-20,,,,,,
2014-11-21,,,,,,
2014-11-24,22.440001000000002,23.299999,22.299999,22.924999,22.211681,455500548.0
2014-11-25,,,,,,
2014-11-26,,,,,,
2014-11-27,,,,,,
2014-11-28,,,,,,
2014-12-01,,,,,,
2014-12-02,,,,,,
2014-12-03,,,,,,
2014-12-04,,,,,,
2014-12-05,,,,,,
2014-12-08,,,,,,
2014-12-09,31.200001,33.560001,29.174999,29.66,28.737118,833309002.0
2014-12-10,,,,,,
2014-12-11,,,,,,
2014-12-12,,,,,,
2014-12-15,,,,,,
2014-12-16,29.805,31.594998999999998,29.504998999999998,31.549999,30.568309999999997,522370292.0
2014-12-17,,,,,,
2014-12-18,,,,,,
2014-12-19,,,,,,
2014-12-22,,,,,,
2014-12-23,,,,,,
2014-12-24,,,,,,
2014-12-25,,,,,,
2014-12-26,31.995001000000002,34.055,31.799999,33.904999,32.850033,529565212.0
2014-12-29,,,,,,
2014-12-30,,,,,,
2014-12-31,36.75,37.439999,36.145,37.355,36.192684,399089836.0
2015-01-05,,,,,,
2015-01-06,,,,,,
2015-01-07,,,,,,
2015-01-08,,,,,,
2015-01-09,,,,,,
2015-01-12,,,,,,
2015-01-13,37.650002,38.490002000000004,37.005001,37.560001,36.391312,301848710.0
2015-01-14,,,,,,
2015-01-15,,,,,,
2015-01-16,,,,,,
2015-01-19,,,,,,
2015-01-20,,,,,,
2015-01-21,35.650002,38.779999,35.544998,38.68,37.476463,585160140.0
2015-01-22,,,,,,
2015-01-23,,,,,,
2015-01-26,,,,,,
2015-01-27,,,,,,
2015-01-28,,,,,,
2015-01-29,,,,,,
2015-01-30,,,,,,
2015-02-02,33.150002,33.875,32.974998,33.110001000000004,32.079772999999996,304440510.0
2015-02-03,,,,,,
2015-02-04,34.634997999999996,35.154999,33.689999,33.75,32.69986,255761230.0
2015-02-05,,,,,,
2015-02-06,,,,,,
2015-02-09,,,,,,
2015-02-10,,,,,,
2015-02-11,34.450001,35.325001,34.235001000000004,35.075001,33.983631,212409146.0
2015-02-12,,,,,,
2015-02-13,35.169998,35.665001000000004,34.880001,34.959998999999996,33.872208,218454782.0
2015-02-16,,,,,,
2015-02-17,,,,,,
2015-02-25,35.185001,35.200001,33.84,34.080002,33.019591999999996,208092404.0
2015-02-26,,,,,,
2015-02-27,,,,,,
2015-03-02,,,,,,
2015-03-03,,,,,,
2015-03-04,,,,,,
2015-03-05,,,,,,
2015-03-06,,,,,,
2015-03-09,32.185001,33.384997999999996,31.559998999999998,33.16,32.128212,288700274.0
2015-03-10,32.900002,33.060001,32.465,32.849998,31.827862,166071524.0
2015-03-11,,,,,,
2015-03-12,,,,,,
2015-03-13,34.610001000000004,35.349998,34.185001,34.470001,33.397457,256323822.0
2015-03-16,34.93,36.759997999999996,34.505001,36.735001000000004,35.59198,441466970.0
2015-03-17,,,,,,
2015-03-18,,,,,,
2015-03-19,,,,,,
2015-03-20,,,,,,
2015-03-23,,,,,,
2015-03-24,,,,,,
2015-03-25,,,,,,
2015-03-26,,,,,,
2015-03-27,,,,,,
2015-03-30,,,,,,
2015-03-31,,,,,,
2015-04-01,,,,,,
2015-04-02,,,,,,
2015-04-03,,,,,,
2015-04-07,,,,,,
2015-04-08,,,,,,
2015-04-09,41.360001000000004,42.715,40.564999,40.720001,39.452988,507479340.0
2015-04-10,,,,,,
2015-04-13,,,,,,
2015-04-14,,,,,,
2015-04-15,42.255001,43.625,41.955002,42.279999,40.964443,328429514.0
2015-04-16,42.0,45.455002,41.849998,45.400002,43.987362,528503218.0
2015-04-17,,,,,,
2015-04-20,,,,,,
2015-04-21,,,,,,
2015-04-22,,,,,,
2015-04-23,,,,,,
2015-04-24,,,,,,
2015-04-27,,,,,,
2015-04-28,,,,,,
2015-04-29,,,,,,
2015-04-30,,,,,,
2015-05-04,,,,,,
2015-05-05,,,,,,
2015-05-06,,,,,,
2015-05-07,43.5,44.244999,42.93,43.525002,42.170704,336521280.0
2015-05-08,,,,,,
2015-05-11,,,,,,
2015-05-12,,,,,,
2015-05-13,,,,,,
2015-05-14,43.474998,44.0,43.009997999999996,43.154999,41.812218,264145056.0
2015-05-15,,,,,,
2015-05-18,,,,,,
2015-05-19,,,,,,
2015-05-20,,,,,,
2015-05-21,,,,,,
2015-05-22,,,,,,
2015-05-25,,,,,,
2015-05-26,,,,,,
2015-05-27,,,,,,
2015-05-28,,,,,,
2015-05-29,,,,,,
2015-06-01,,,,,,
2015-06-02,,,,,,
2015-06-03,,,,,,
2015-06-04,,,,,,
2015-06-05,,,,,,
2015-06-08,,,,,,
2015-06-09,,,,,,
2015-06-10,,,,,,
2015-06-11,,,,,,
2015-06-12,,,,,,
2015-06-15,,,,,,
2015-06-16,,,,,,
2015-06-17,,,,,,
2015-06-18,,,,,,
2015-06-19,,,,,,
2015-06-23,41.599998,42.299999,40.040001000000004,40.220001,38.968540000000004,286403974.0
2015-06-24,,,,,,
2015-06-25,,,,,,
2015-06-26,,,,,,
2015-06-29,,,,,,
2015-06-30,,,,,,
2015-07-01,,,,,,
2015-07-02,,,,,,
2015-07-03,,,,,,
2015-07-06,,,,,,
2015-07-07,,,,,,
2015-07-08,,,,,,
2015-07-09,,,,,,
2015-07-10,,,,,,
2015-07-13,,,,,,
2015-07-14,,,,,,
2015-07-15,39.005001,40.0,38.650002,39.514998999999996,38.285477,276987992.0
2015-07-16,39.400002,39.740002000000004,38.75,39.235001000000004,38.014191,159161386.0
2015-07-17,,,,,,
2015-07-20,,,,,,
2015-07-21,,,,,,
2015-07-22,,,,,,
2015-07-23,,,,,,
2015-07-24,,,,,,
2015-07-27,,,,,,
2015-07-28,,,,,,
2015-07-29,,,,,,
2015-07-30,,,,,,
2015-07-31,,,,,,
2015-08-03,,,,,,
2015-08-04,,,,,,
2015-08-05,,,,,,
2015-08-06,,,,,,
2015-08-07,,,,,,
2015-08-10,,,,,,
2015-08-11,,,,,,
2015-08-12,34.5,34.759997999999996,33.77,33.790001000000004,32.738613,133346307.0
2015-08-13,33.709998999999996,34.279999,33.5,34.07,33.009899,110002958.0
2015-08-14,34.18,34.259997999999996,33.799999,33.889998999999996,32.835503,115595672.0
2015-08-17,33.41,33.490002000000004,32.599998,32.970001,31.944132,152170414.0
2015-08-18,33.029999,33.630001,31.24,31.290001,30.316402000000004,210389448.0
2015-08-19,30.950001,31.639999,30.5,31.41,30.432667,161453342.0
2015-08-20,31.0,31.4,30.52,30.549999,29.599426,109864022.0
2015-08-21,30.459999,31.15,29.299999,29.389999,28.475521,205858189.0
2015-08-24,28.49,28.5,26.450001,26.450001,25.627001,403296227.0
2015-08-25,25.299999,27.549999,24.65,25.110001,24.328695,431616157.0
2015-08-26,25.200001,27.299999,25.120001000000002,26.360001,25.539801,382669144.0
2015-08-27,27.4,29.0,26.969998999999998,29.0,28.097654,393998439.0
2015-08-28,29.5,30.389999,28.790001,29.65,28.72743,331933947.0
2015-08-31,28.860001,30.35,28.52,30.290001,29.347519000000002,289466600.0
2015-09-01,29.530001000000002,30.18,28.65,30.16,29.221560999999998,369091176.0
2015-09-02,29.15,30.24,29.030001000000002,29.98,29.047163,373505875.0
2015-09-07,29.98,30.280001000000002,28.6,28.879998999999998,27.98139,136313308.0
2015-09-08,28.860001,29.870001000000002,28.860001,29.76,28.834007,125528629.0
2015-09-09,29.860001,30.66,29.610001,30.219998999999998,29.457866999999997,143050164.0
2015-09-10,30.08,30.360001,29.809998999999998,30.27,29.506607000000002,87888881.0
2015-09-11,30.16,30.469998999999998,29.610001,29.84,29.087452000000003,70826201.0
2015-09-14,29.969998999999998,30.200001,28.73,30.139999,29.379884999999998,220674688.0
2015-09-15,29.6,29.790001,29.0,29.459999,28.717033,118329733.0
2015-09-16,29.33,31.17,29.07,30.549999,29.779545000000002,114814688.0
2015-09-17,30.49,31.18,30.1,30.26,29.496861,101606967.0
2015-09-18,30.42,31.1,30.360001,30.57,29.79904,85643882.0
2015-09-21,30.209999,31.15,30.049999,30.959999,30.179205,81031920.0
2015-09-22,31.1,32.060001,30.83,31.77,30.968778999999998,120072574.0
2015-09-23,31.290001,31.58,30.709999,30.77,29.993997999999998,101241517.0
2015-09-24,30.91,31.33,30.84,31.139999,30.354664,63852786.0
2015-09-25,31.01,31.4,30.58,31.23,30.442396000000002,71148577.0
2015-09-28,31.049999,31.129998999999998,30.68,30.9,30.120718,27179227.0
2015-09-29,30.48,30.48,29.67,29.93,29.175179999999997,64059048.0
2015-09-30,30.049999,30.18,29.77,29.860001,29.106946999999998,36554916.0
2015-10-08,29.860001,32.150002,29.860001,30.700001,29.925764,174729254.0
2015-10-09,31.1,31.83,31.0,31.68,30.881048,82081673.0
2015-10-12,31.610001,32.93,31.559998999999998,32.639998999999996,31.816837,102692258.0
2015-10-13,32.299999,32.669998,32.099998,32.200001,31.387934,48784540.0
2015-10-14,32.07,32.290001000000004,31.66,31.68,30.881048,47156844.0
2015-10-15,31.799999,32.490002000000004,31.68,32.459998999999996,31.641375,64521081.0
2015-10-16,32.650002,33.150002,32.5,32.790001000000004,31.963054999999997,68363054.0
2015-10-19,32.799999,33.380001,32.630001,33.169998,32.333469,88096211.0
2015-10-20,32.950001,33.049999,32.5,32.91,32.080025,54658545.0
2015-10-21,32.959998999999996,33.66,32.07,32.849998,32.021538,133704957.0
2015-10-22,32.5,33.049999,32.349998,32.860001000000004,32.031288,71371479.0
2015-10-23,33.0,34.0,32.959998999999996,33.73,32.879345,99386427.0
2015-10-26,34.02,35.509997999999996,33.529999,33.57,32.723385,212648098.0
2015-10-27,33.610001000000004,35.139998999999996,33.009997999999996,34.369999,33.503208,126733683.0
2015-10-28,34.200001,34.349998,33.5,33.549999,32.703888,67072585.0
2015-10-29,33.709998999999996,33.849998,33.209998999999996,33.380001,32.538177000000005,52017325.0
2015-10-30,33.400002,33.950001,33.240002000000004,33.490002000000004,32.645401,47407089.0
2015-11-02,33.139998999999996,33.459998999999996,32.91,33.02,32.187252,56104771.0
2015-11-03,33.18,33.27,32.900002,33.02,32.187252,38103234.0
2015-11-04,33.09,35.369999,33.09,35.0,34.117317,192253306.0
2015-11-05,34.509997999999996,37.48,34.470001,35.32,34.429245,442103018.0
2015-11-06,35.25,36.5,35.029999,36.189999,35.277306,214827617.0
2015-11-09,36.310001,37.43,36.16,36.450001,35.53075,233123714.0
2015-11-10,36.0,36.939999,35.799999,36.25,35.335796,142819589.0
2015-11-11,36.049999,36.240002000000004,35.470001,35.84,34.936134,111438113.0
2015-11-12,36.080002,36.080002,35.380001,35.43,34.536476,91357791.0
2015-11-13,35.049999,35.48,34.91,35.049999,34.166058,76458303.0
2015-11-16,34.540001000000004,35.150002,34.450001,35.119999,34.234291,74745954.0
2015-11-17,35.349998,36.380001,35.119999,35.259997999999996,34.370762,96838961.0
2015-11-18,35.25,35.369999,34.75,34.880001,34.000343,69300139.0
2015-11-19,35.02,35.360001000000004,34.950001,35.310001,34.419498,50583227.0
2015-11-20,35.299999,35.380001,34.990002000000004,35.040001000000004,34.156310999999995,50097068.0
2015-11-23,35.07,35.279999,34.900002,34.970001,34.088078,60898386.0
2015-11-24,34.91,35.189999,34.580002,34.970001,34.088078,65254433.0
2015-11-25,34.950001,35.09,34.860001000000004,35.040001000000004,34.156310999999995,48336266.0
2015-11-26,35.189999,35.419998,35.0,35.029999,34.146561,54916243.0
2015-11-27,35.0,35.080002,33.389998999999996,33.84,32.986571999999995,116454446.0
2015-11-30,33.689999,34.0,32.950001,33.799999,32.947582000000004,84030498.0
2015-12-01,33.790001000000004,34.900002,33.610001000000004,34.119999,33.25951,83519647.0
2015-12-02,34.200001,36.200001,33.98,36.009997999999996,35.101845000000004,182813266.0
2015-12-03,35.529999,36.599998,35.32,35.970001,35.062859,142305933.0
2015-12-04,35.459998999999996,35.68,34.799999,34.950001,34.068577000000005,87368217.0
2015-12-07,35.0,35.150002,34.529999,34.740002000000004,33.863873,48751673.0
2015-12-08,34.5,34.849998,34.34,34.419998,33.551941,57354970.0
2015-12-09,34.439999,34.860001000000004,34.34,34.439999,33.571442,41609639.0
2015-12-10,34.41,35.25,34.389998999999996,34.490002000000004,33.620178,55345796.0
2015-12-11,34.389998999999996,34.66,34.18,34.57,33.698161999999996,52799774.0
2015-12-14,34.150002,35.950001,34.02,35.619999,34.721684,94982292.0
2015-12-15,35.5,35.610001000000004,35.049999,35.259997999999996,34.370762,63275218.0
2015-12-16,35.299999,35.529999,35.119999,35.209998999999996,34.322021,38051697.0
2015-12-17,35.560001,35.880001,35.27,35.509997999999996,34.614456,58593058.0
2015-12-18,35.41,36.279999,35.360001000000004,35.790001000000004,34.887398,83940922.0
2015-12-21,35.790001000000004,37.23,35.650002,36.900002,35.969402,138613465.0
2015-12-22,36.849998,37.110001000000004,36.41,36.93,35.998642,72390841.0
2015-12-23,36.919998,37.880001,36.799999,36.98,36.047385999999996,118840026.0
2015-12-24,37.060001,37.59,36.459998999999996,36.919998,35.988895,81236313.0
2015-12-25,36.900002,37.169998,36.709998999999996,36.900002,35.969402,35244314.0
2015-12-28,36.950001,37.099998,35.66,35.700001,34.799664,63939139.0
2015-12-29,35.700001,36.189999,35.669998,36.150002,35.238316,30801923.0
2015-12-30,36.259997999999996,36.279999,35.439999,35.759997999999996,34.85815,49397553.0
2015-12-31,35.790001000000004,36.189999,35.419998,36.0,35.092102000000004,51927675.0
2016-01-04,36.0,36.0,33.900002,34.049999,33.191277,70997199.0
2016-01-05,33.68,34.810001,33.5,34.5,33.629925,87498507.0
2016-01-06,34.299999,34.66,34.0,34.529999,33.659168,48012110.0
2016-01-07,34.0,34.52,33.0,33.77,32.918339,23647605.0
2016-01-08,34.0,34.450001,32.900002,33.939999,33.084053000000004,98239660.0
2016-01-11,33.0,33.330002,32.0,32.029999,31.222217999999998,99355700.0
2016-01-12,32.27,32.560001,31.82,32.209998999999996,31.397679999999998,74380914.0
2016-01-13,32.77,32.779999,31.85,31.99,31.183228999999997,62533019.0
2016-01-14,30.9,32.060001,30.799999,31.99,31.183228999999997,79722712.0
2016-01-15,31.639999,31.870001000000002,30.9,31.200001,30.413153,59140260.0
2016-01-18,30.73,31.27,30.59,31.07,30.286432,48369367.0
2016-01-19,31.219998999999998,31.68,30.75,31.51,30.715335999999997,67392536.0
2016-01-20,31.219998999999998,31.450001,30.290001,30.530001000000002,29.76005,100704268.0
2016-01-21,30.370001000000002,30.809998999999998,29.870001000000002,30.15,29.389633,68190102.0
2016-01-22,30.370001000000002,30.49,29.68,30.219998999999998,29.457866999999997,49310407.0
2016-01-25,30.290001,30.360001,29.889999,30.26,29.496861,37474472.0
2016-01-26,29.91,30.1,28.98,29.23,28.492835999999997,76680981.0
2016-01-27,29.35,29.48,28.799999,29.219998999999998,28.483084,70385326.0
2016-01-28,29.200001,29.610001,28.77,29.299999,28.561068,48441759.0
2016-01-29,29.200001,30.379998999999998,29.120001000000002,30.18,29.418877000000002,64439144.0
2016-02-01,30.16,30.16,29.309998999999998,29.530001000000002,28.785269,34048457.0
2016-02-02,29.530001000000002,30.1,29.5,29.969998999999998,29.214171999999998,37513430.0
2016-02-03,29.5,29.799999,29.1,29.639999,28.892496,39035211.0
2016-02-04,,,,,,
2016-02-05,29.700001,30.0,29.610001,29.66,28.911990999999997,33330201.0
2016-02-15,29.66,29.66,29.66,29.66,28.911990999999997,0.0
2016-02-16,29.549999,30.32,29.459999,30.120001000000002,29.360388,39757869.0
2016-02-17,30.129998999999998,30.33,29.92,30.040001,29.28241,46163466.0
2016-02-18,30.280001000000002,30.49,29.799999,29.91,29.155684,48458572.0
2016-02-19,29.91,30.15,29.73,29.92,29.165434,26092199.0
2016-02-22,30.280001000000002,31.65,30.030001000000002,30.969998999999998,30.188951,78908600.0
2016-02-23,30.959999,30.969998999999998,30.24,30.5,29.730806,43458444.0
2016-02-24,30.299999,30.6,30.030001000000002,30.41,29.643076,30491050.0
2016-02-25,30.370001000000002,30.370001000000002,28.860001,28.959999,28.229643,59059774.0
2016-02-26,29.33,29.4,28.940001000000002,29.1,28.366114000000003,33211134.0
2016-02-29,29.049999,29.15,27.809998999999998,29.01,28.278381,66763176.0
2016-03-01,28.9,29.690001000000002,28.559998999999998,29.26,28.522078000000004,40682753.0
2016-03-02,29.35,30.299999,29.35,30.18,29.418877000000002,62335409.0
2016-03-03,30.25,30.49,29.98,30.379998999999998,29.613832000000002,53494887.0
2016-03-04,30.280001000000002,31.6,30.129998999999998,31.549999,30.754322,178976573.0
2016-03-07,31.379998999999998,31.58,30.809998999999998,31.049999,30.266933,54440341.0
2016-03-08,30.98,31.35,29.99,31.299999,30.51063,67391212.0
2016-03-09,30.82,31.450001,30.26,31.379998999999998,30.588612,80090596.0
2016-03-10,30.98,31.290001,30.700001,30.74,29.964752,33110889.0
2016-03-11,30.57,31.1,30.469998999999998,31.040001,30.257187,35792982.0
2016-03-14,,,,,,
2016-03-15,31.049999,31.49,30.65,31.360001,30.569118,61981843.0
2016-03-16,31.1,32.259997999999996,31.049999,32.130001,31.3197,159647657.0
2016-03-17,,,,,,
2016-03-18,32.32,32.419998,31.879998999999998,32.119999,31.309948,87408324.0
2016-03-21,,,,,,
2016-03-22,,,,,,
2016-03-23,,,,,,
2016-03-24,,,,,,
2016-03-25,,,,,,
2016-03-28,,,,,,
2016-03-29,,,,,,
2016-03-30,,,,,,
2016-03-31,,,,,,
2016-04-01,,,,,,
2016-04-05,31.92,31.92,31.92,31.92,31.114996,0.0
2016-04-06,,,,,,
2016-04-07,,,,,,
2016-04-08,,,,,,
2016-04-11,,,,,,
2016-04-12,,,,,,
2016-04-13,31.799999,32.259997999999996,31.719998999999998,31.91,31.105246,75568173.0
2016-04-14,32.080002,32.380001,31.879998999999998,32.02,31.212473,42270343.0
2016-04-15,32.029999,32.099998,31.879998999999998,31.99,31.183228999999997,53566943.0
2016-04-18,31.799999,32.09,31.51,31.790001,30.988274,56266307.0
2016-04-19,,,,,,
2016-04-20,,,,,,
2016-04-21,,,,,,
2016-04-22,,,,,,
2016-04-25,32.299999,32.5,31.969998999999998,32.32,31.504906,30729800.0
2016-04-26,32.32,32.529999,32.209998999999996,32.389998999999996,31.573140999999996,30804864.0
2016-04-27,32.57,32.619999,32.209998999999996,32.259997999999996,31.446416999999997,32926140.0
2016-04-28,32.259997999999996,32.380001,32.009997999999996,32.189999,31.378183,22743653.0
2016-04-29,,,,,,
2016-05-03,,,,,,
2016-05-04,,,,,,
2016-05-05,,,,,,
2016-05-06,,,,,,
2016-05-09,,,,,,
2016-05-10,,,,,,
2016-05-11,31.24,31.370001000000002,31.16,31.25,30.461889000000003,27763942.0
2016-05-12,31.200001,31.85,30.950001,31.709999,30.910288,56869642.0
2016-05-13,31.549999,31.85,31.49,31.719998999999998,30.920038,39265080.0
2016-05-16,,,,,,
2016-05-17,,,,,,
2016-05-18,,,,,,
2016-05-19,31.709999,31.9,31.700001,31.83,31.027264000000002,28517053.0
2016-05-20,31.82,31.969998999999998,31.719998999999998,31.82,31.017515000000003,17539236.0
2016-05-23,31.76,31.959999,31.709999,31.83,31.027264000000002,27738544.0
2016-05-24,,,,,,
2016-05-25,,,,,,
2016-05-26,31.610001,31.790001,31.5,31.629998999999998,30.832306,20356139.0
2016-05-27,31.700001,31.709999,31.58,31.6,30.803065999999998,14098751.0
2016-05-30,31.75,31.940001000000002,31.5,31.91,31.105246,22097500.0
2016-05-31,31.940001000000002,33.5,31.940001000000002,32.720001,31.894823,75882589.0
2016-06-01,32.689999,32.82,32.25,32.290001000000004,31.475665999999997,42343352.0
2016-06-02,32.310001,32.5,32.099998,32.209998999999996,31.397679999999998,28989196.0
2016-06-03,32.450001,32.450001,32.02,32.34,31.524403000000003,35163822.0
2016-06-06,32.400002,32.450001,32.049999,32.110001000000004,31.300203000000003,23686984.0
2016-06-07,32.220001,32.240002000000004,32.080002,32.139998999999996,31.329445,23960661.0
2016-06-08,32.119999,32.23,32.02,32.150002,31.339192999999998,26460999.0
2016-06-13,32.150002,32.150002,31.700001,31.799999,30.99802,47023964.0
2016-06-14,31.690001000000002,32.02,31.5,31.98,31.173481,35573877.0
2016-06-15,31.620001000000002,32.080002,31.610001,31.98,31.173481,38314316.0
2016-06-16,31.83,32.119999,31.83,31.969998999999998,31.163734,32940156.0
2016-06-17,31.969998999999998,32.189999,31.92,31.98,31.173481,29510558.0
2016-06-20,32.200001,32.200001,31.969998999999998,32.119999,31.309948,25713526.0
2016-06-21,32.18,32.48,32.009997999999996,32.060001,31.251465000000003,22864166.0
2016-06-22,32.049999,32.150002,31.969998999999998,32.080002,31.27096,16359312.0
2016-06-23,32.09,32.139998999999996,31.969998999999998,32.0,31.192978000000004,25361741.0
2016-06-24,31.98,32.130001,31.209999,31.549999,30.754322,42936222.0
2016-06-27,31.5,31.74,31.450001,31.68,30.881048,23863950.0
2016-06-28,31.57,31.860001,31.459999,31.85,31.046759,23766593.0
2016-06-29,31.9,32.18,31.85,32.16,31.348940000000002,26351146.0
2016-06-30,32.169998,32.299999,32.009997999999996,32.040001000000004,31.231968,17779547.0
2016-07-01,32.139998999999996,32.279999,32.060001,32.18,31.368439000000002,18235058.0
2016-07-04,32.119999,32.66,32.060001,32.439999,31.621879999999997,40321889.0
2016-07-05,32.200001,32.25,32.0,32.07,31.602171000000002,22093835.0
2016-07-06,32.0,32.080002,31.799999,31.99,31.523338,24949967.0
2016-07-07,31.950001,31.99,31.799999,31.950001,31.483922999999997,22363060.0
2016-07-08,31.950001,31.959999,31.76,31.780001000000002,31.316404,19295029.0
2016-07-11,31.809998999999998,31.969998999999998,31.76,31.790001,31.326258000000003,23128423.0
2016-07-12,31.809998999999998,32.459998999999996,31.799999,32.41,31.937212,42598577.0
2016-07-13,32.599998,32.799999,32.299999,32.459998999999996,31.986483000000003,42203460.0
2016-07-14,32.439999,32.5,32.290001000000004,32.490002000000004,32.016048,20651738.0
2016-07-15,32.5,32.700001,32.419998,32.59,32.114585999999996,35206349.0
2016-07-18,32.669998,33.0,32.619999,32.689999,32.213127,38033581.0
2016-07-19,32.689999,32.689999,32.209998999999996,32.380001,31.907652000000002,26362017.0
2016-07-20,32.419998,32.450001,32.130001,32.310001,31.838671,18557332.0
2016-07-21,32.310001,32.650002,32.310001,32.549999,32.075169,24834404.0
2016-07-22,32.5,32.540001000000004,32.23,32.299999,31.828815000000002,21162492.0
2016-07-25,32.299999,32.400002,32.220001,32.299999,31.828815000000002,17490184.0
2016-07-26,32.299999,32.639998999999996,32.25,32.52,32.045605,40607690.0
2016-07-27,32.549999,32.799999,31.83,32.790001000000004,32.311668,80288281.0
2016-07-28,32.529999,32.68,32.41,32.450001,31.976631,28491225.0
2016-07-29,32.490002000000004,32.599998,32.310001,32.369999,31.897795000000002,22929963.0
2016-08-01,32.299999,32.400002,32.200001,32.279999,31.809107,22213897.0
2016-08-02,32.299999,32.380001,32.200001,32.279999,31.809107,17685932.0
2016-08-03,32.130001,32.279999,32.099998,32.18,31.710569,18652513.0
2016-08-04,32.18,32.200001,32.009997999999996,32.150002,31.681007,20772929.0
2016-08-05,32.16,32.25,32.110001000000004,32.18,31.710569,27213137.0
2016-08-08,32.23,32.299999,32.099998,32.27,31.799253000000004,30356935.0
2016-08-09,32.330002,32.66,32.330002,32.540001000000004,32.065315000000005,41065840.0
2016-08-10,32.549999,32.779999,32.52,32.540001000000004,32.065315000000005,34781458.0
2016-08-11,32.5,33.400002,32.5,32.790001000000004,32.311668,77933585.0
2016-08-12,32.810001,33.5,32.759997999999996,33.48,32.991603999999995,69438198.0
2016-08-15,33.549999,35.23,33.48,34.560001,34.055847,122157230.0
2016-08-16,34.799999,34.919998,33.889998999999996,33.919998,33.425182,91604428.0
2016-08-17,34.049999,34.130001,33.68,33.970001,33.474457,42967525.0
2016-08-18,34.299999,34.900002,34.130001,34.43,33.927746,85035533.0
2016-08-19,34.48,34.66,34.169998,34.52,34.01643,35481775.0
2016-08-22,34.610001000000004,34.68,34.23,34.459998999999996,33.957306,31956946.0
2016-08-23,34.419998,35.18,34.419998,34.84,34.331764,55894872.0
2016-08-24,34.889998999999996,34.919998,34.310001,34.330002,33.829205,37369379.0
2016-08-25,34.009997999999996,34.16,33.799999,34.09,33.592705,38835272.0
2016-08-26,34.16,34.41,34.040001000000004,34.09,33.592705,21051990.0
2016-08-29,34.009997999999996,34.310001,33.720001,34.259997999999996,33.760220000000004,23735599.0
2016-08-30,34.279999,34.459998999999996,34.060001,34.209998999999996,33.710953,30022326.0
2016-08-31,34.189999,34.380001,34.029999,34.220001,33.72081,19265567.0
2016-09-01,34.209998999999996,34.540001000000004,34.16,34.369999,33.868618,24342696.0
2016-09-02,34.34,34.889998999999996,34.23,34.860001000000004,34.351471000000004,51030170.0
2016-09-05,34.689999,34.950001,34.5,34.759997999999996,34.450581,40332699.0
2016-09-06,34.720001,35.43,34.639998999999996,35.139998999999996,34.827197999999996,56432581.0
2016-09-07,35.189999,35.669998,35.18,35.209998999999996,34.896576,47062029.0
2016-09-08,35.200001,35.580002,35.130001,35.380001,35.065063,33539618.0
2016-09-09,35.43,35.84,35.279999,35.459998999999996,35.144352000000005,44040730.0
2016-09-12,,,,,,
2016-09-13,34.98,34.98,34.400002,34.720001,34.410938,31744459.0
2016-09-14,34.5,34.599998,34.169998,34.299999,33.994675,35213691.0
2016-09-19,34.299999,35.119999,34.299999,34.970001,34.658714,37266601.0
2016-09-20,34.970001,34.970001,34.799999,34.849998,34.53978,14666356.0
2016-09-21,34.889998999999996,34.98,34.48,34.669998,34.361382,35247928.0
2016-09-22,34.810001,35.369999,34.810001,35.009997999999996,34.698357,54132989.0
2016-09-23,35.049999,35.200001,34.720001,34.889998999999996,34.579426,31439120.0
2016-09-26,34.759997999999996,34.779999,34.330002,34.380001,34.073966999999996,32852645.0
2016-09-27,34.23,34.400002,34.189999,34.360001000000004,34.054142,45825170.0
2016-09-28,,,,,,
2016-09-29,,,,,,
2016-09-30,34.099998,34.27,34.060001,34.16,33.855923,19403198.0
2016-10-10,34.16,34.16,34.16,34.16,33.855923,0.0
2016-10-11,34.619999,34.75,34.25,34.380001,34.073966999999996,49375218.0
2016-10-12,34.259997999999996,34.439999,34.200001,34.299999,33.994675,30854074.0
2016-10-13,34.220001,34.32,34.009997999999996,34.119999,33.81628,34546745.0
2016-10-14,34.130001,34.18,34.049999,34.110001000000004,33.80637,23156048.0
2016-10-17,34.119999,34.18,33.880001,33.939999,33.637882,30921443.0
2016-10-18,33.880001,34.290001000000004,33.880001,34.200001,33.895569,28336027.0
2016-10-19,34.240002000000004,34.27,34.099998,34.119999,33.81628,20515200.0
2016-10-20,34.16,34.240002000000004,34.110001000000004,34.139998999999996,33.836102000000004,12768281.0
2016-10-21,34.119999,34.279999,34.049999,34.220001,33.91539,28003163.0
2016-10-24,34.220001,34.790001000000004,34.150002,34.490002000000004,34.182987,42090949.0
2016-10-25,34.560001,34.619999,34.400002,34.549999,34.242451,23971961.0
2016-10-26,34.560001,34.639998999999996,34.389998999999996,34.419998,34.113605,19737703.0
2016-10-27,34.419998,34.43,34.099998,34.189999,33.885653999999995,21764326.0
2016-10-28,34.400002,34.73,34.360001000000004,34.529999,34.22263,32514938.0
2016-10-31,34.400002,34.650002,34.200001,34.610001000000004,34.301918,23435296.0
2016-11-01,34.630001,35.099998,34.5,35.060001,34.747913,36719126.0
2016-11-02,34.889998999999996,34.98,34.540001000000004,34.610001000000004,34.301918,25676031.0
2016-11-03,34.59,35.09,34.52,34.970001,34.658714,40514435.0
2016-11-04,34.880001,35.16,34.869999,34.93,34.619068,26447974.0
2016-11-07,34.98,35.049999,34.880001,34.990002000000004,34.678535,21516692.0
2016-11-08,35.110001000000004,35.18,34.880001,35.0,34.688446,28683168.0
2016-11-09,35.0,35.009997999999996,34.330002,34.709998999999996,34.401028000000004,68834550.0
2016-11-10,34.919998,35.200001,34.849998,34.939999,34.628979,35280334.0
2016-11-11,34.950001,35.240002000000004,34.860001000000004,34.990002000000004,34.678535,52390695.0
2016-11-14,34.919998,35.130001,34.880001,34.950001,34.638892999999996,68357166.0
2016-11-15,34.98,35.009997999999996,34.900002,34.959998999999996,34.6488,28690403.0
2016-11-16,35.0,35.099998,34.91,35.02,34.708267,24386997.0
2016-11-17,34.990002000000004,35.02,34.799999,35.0,34.688446,23871563.0
2016-11-18,35.0,35.060001,34.939999,35.009997999999996,34.698357,32069691.0
2016-11-21,34.950001,36.349998,34.950001,35.900002,35.580436999999996,108903560.0
2016-11-22,35.810001,36.439999,35.810001,36.119999,35.798477,73702179.0
2016-11-23,36.220001,36.349998,35.959998999999996,35.98,35.659721000000005,44013312.0
2016-11-24,,,,,,
2016-11-25,36.419998,36.799999,36.169998,36.779999,36.452599,45833079.0
2016-11-28,,,,,,
2016-11-29,36.610001000000004,37.299999,36.450001,36.77,36.442692,66538624.0
2016-11-30,36.810001,37.09,36.23,36.330002,36.006611,50803984.0
2016-12-01,,,,,,
2016-12-02,,,,,,
2016-12-05,35.959998999999996,36.290001000000004,35.869999,36.259997999999996,35.937228999999995,62209526.0
2016-12-06,36.189999,36.470001,36.130001,36.169998,35.84803,37612545.0
2016-12-07,36.169998,36.639998999999996,36.07,36.459998999999996,36.135448,31067029.0
2016-12-08,,,,,,
2016-12-09,36.639998999999996,37.150002,36.48,36.84,36.512066,48703347.0
2016-12-12,37.119999,37.759997999999996,36.700001,36.900002,36.571533,106934394.0
2016-12-13,36.799999,36.939999,36.540001000000004,36.650002,36.323761,39559741.0
2016-12-14,36.630001,37.5,36.610001000000004,37.029999,36.700375,58644985.0
2016-12-15,36.779999,36.889998999999996,35.43,35.599998,35.283103999999994,78608340.0
2016-12-16,35.459998999999996,35.77,35.400002,35.48,35.164173,34099443.0
2016-12-19,35.48,35.599998,35.310001,35.400002,35.084888,29559617.0
2016-12-20,35.419998,35.450001,34.450001,34.66,34.351471000000004,62695062.0
2016-12-21,34.849998,35.049999,34.610001000000004,34.740002000000004,34.430763,37625980.0
2016-12-22,34.66,34.93,34.400002,34.77,34.460495,29500931.0
2016-12-23,34.689999,34.77,34.400002,34.73,34.420849,30192121.0
2016-12-26,34.549999,35.16,34.349998,35.119999,34.807377,35131252.0
2016-12-27,35.0,35.34,34.98,35.259997999999996,34.946129,21780273.0
2016-12-28,35.200001,35.32,34.990002000000004,35.290001000000004,34.975864,38631869.0
2016-12-29,35.150002,35.290001000000004,35.029999,35.130001,34.817291,29042037.0
2016-12-30,35.27,35.450001,35.110001000000004,35.43,35.11462,27076331.0
2017-01-03,35.43,36.009997999999996,35.32,35.68,35.362392,29697799.0
2017-01-04,35.689999,35.790001000000004,35.509997999999996,35.650002,35.332661,25257405.0
2017-01-05,35.73,35.939999,35.68,35.73,35.411949,28691033.0
2017-01-06,35.73,35.889998999999996,35.349998,35.439999,35.124527,36286227.0
2017-01-09,35.470001,35.549999,35.27,35.419998,35.104706,27061697.0
2017-01-10,35.439999,35.490002000000004,35.200001,35.23,34.916396999999996,20535090.0
2017-01-11,35.25,35.43,35.099998,35.23,34.916396999999996,20996349.0
2017-01-12,35.299999,35.419998,35.150002,35.209998999999996,34.896576,18718703.0
2017-01-13,35.23,35.900002,35.189999,35.560001,35.243462,33073897.0
2017-01-16,35.560001,36.279999,35.209998999999996,36.189999,35.867851,112917227.0
2017-01-17,36.07,36.34,35.889998999999996,35.98,35.659721000000005,34949314.0
2017-01-18,36.07,36.439999,36.060001,36.209998999999996,35.887676,26686911.0
2017-01-19,36.130001,36.369999,35.919998,36.049999,35.729099,19962834.0
2017-01-20,36.049999,36.279999,36.009997999999996,36.259997999999996,35.937228999999995,26033277.0
2017-01-23,36.259997999999996,36.419998,36.040001000000004,36.200001,35.877765999999994,39800128.0
2017-01-24,36.200001,36.330002,36.099998,36.18,35.857944,26866560.0
2017-01-25,36.200001,36.450001,36.09,36.43,36.105717,35892232.0
2017-01-26,36.450001,36.799999,36.439999,36.509997999999996,36.185001,27720542.0
2017-02-03,36.509997999999996,36.509997999999996,35.599998,35.619999,35.302925,48926754.0
2017-02-06,35.740002000000004,36.029999,35.529999,35.939999,35.620079,64891420.0
2017-02-07,36.0,36.240002000000004,35.919998,36.060001,35.739014000000005,48618000.0
2017-02-08,36.040001000000004,36.080002,35.700001,36.02,35.699368,39628863.0
2017-02-09,36.07,36.369999,36.0,36.110001000000004,35.788567,52756885.0
2017-02-10,36.209998999999996,36.34,36.099998,36.200001,35.877765999999994,39921900.0
2017-02-13,36.290001000000004,36.41,36.169998,36.310001,35.986785999999995,69354090.0
2017-02-14,36.400002,36.400002,35.950001,36.099998,35.778652,49092275.0
2017-02-15,36.27,36.48,36.209998999999996,36.32,35.996696,67285226.0
2017-02-16,36.419998,36.43,36.189999,36.299999,35.976875,34781714.0
2017-02-17,36.360001000000004,36.66,36.200001,36.259997999999996,35.937228999999995,52550389.0
2017-02-20,36.310001,36.889998999999996,36.25,36.82,36.492245000000004,74144223.0
2017-02-21,36.830002,37.18,36.700001,36.77,36.442692,54833169.0
2017-02-22,36.880001,36.919998,36.669998,36.82,36.492245000000004,38041992.0
2017-02-23,36.77,36.889998999999996,36.439999,36.52,36.194916,45952080.0
2017-02-24,,,,,,
2017-02-27,36.509997999999996,36.639998999999996,36.209998999999996,36.32,35.996696,40140682.0
2017-02-28,36.32,36.439999,36.189999,36.23,35.907497,26846910.0
2017-03-01,36.259997999999996,36.32,36.130001,36.16,35.83812,35508177.0
2017-03-02,36.34,36.34,35.84,35.860001000000004,35.540791,46565680.0
2017-03-03,35.799999,35.939999,35.709998999999996,35.849998,35.530879999999996,25135446.0
2017-03-06,35.810001,35.939999,35.75,35.830002,35.511059,28671714.0
2017-03-07,35.830002,35.970001,35.799999,35.959998999999996,35.6399,23721119.0
2017-03-08,35.900002,35.919998,35.77,35.82,35.501148,22285684.0
2017-03-09,35.77,35.799999,35.5,35.779999,35.461502,37796652.0
2017-03-10,35.709998999999996,35.77,35.580002,35.599998,35.283103999999994,20744676.0
2017-03-13,35.599998,36.040001000000004,35.560001,35.970001,35.649815000000004,35999002.0
2017-03-14,35.990002000000004,36.130001,35.810001,35.939999,35.620079,27696420.0
2017-03-15,35.880001,36.0,35.759997999999996,35.959998999999996,35.6399,26872050.0
2017-03-16,36.099998,36.240002000000004,35.970001,36.07,35.74892,39164100.0
2017-03-17,36.119999,36.220001,35.619999,35.75,35.43177,54262154.0
2017-03-20,35.759997999999996,35.959998999999996,35.66,35.830002,35.511059,42458939.0
2017-03-21,36.029999,36.290001000000004,35.869999,36.27,35.947144,97008407.0
2017-03-22,36.09,36.23,35.810001,36.0,35.679546,52790683.0
2017-03-23,36.18,36.93,36.139998999999996,36.57,36.244469,120905943.0
2017-03-24,36.650002,37.110001000000004,36.200001,36.549999,36.224647999999995,94401638.0
2017-03-27,36.509997999999996,37.279999,36.5,36.740002000000004,36.41296,122860195.0
2017-03-28,36.77,36.970001,36.610001000000004,36.73,36.403046,52334690.0
2017-03-29,36.889998999999996,37.040001000000004,36.689999,36.779999,36.452599,52522665.0
2017-03-30,36.709998999999996,36.790001000000004,36.400002,36.75,36.422867,49288130.0
2017-03-31,36.68,37.139998999999996,36.580002,37.009997999999996,36.680553,63799619.0
2017-04-05,37.009997999999996,37.299999,36.990002000000004,37.099998,36.769753,61349985.0
2017-04-06,37.110001000000004,37.130001,36.779999,36.959998999999996,36.630997,52331352.0
2017-04-07,36.939999,37.009997999999996,36.560001,36.599998,36.2742,64760921.0
2017-04-10,,,,,,
2017-04-11,36.450001,36.599998,35.84,36.189999,35.867851,63322577.0
2017-04-12,36.169998,36.32,34.900002,36.009997999999996,35.689453,66507762.0
2017-04-13,35.799999,36.09,35.799999,35.900002,35.580436999999996,38759046.0
2017-04-14,35.900002,36.040001000000004,35.66,35.889998999999996,35.570522,37091529.0
2017-04-17,35.810001,36.07,35.669998,36.02,35.699368,37660299.0
2017-04-18,36.0,36.09,35.669998,35.700001,35.382217,35523028.0
2017-04-19,35.68,35.849998,35.470001,35.509997999999996,35.193905,48705008.0
2017-04-20,35.66,35.91,35.560001,35.799999,35.481322999999996,41604810.0
2017-04-21,35.810001,36.259997999999996,35.650002,36.09,35.768745,52520305.0
2017-04-24,36.09,36.259997999999996,35.990002000000004,36.169998,35.84803,54992292.0
2017-04-25,36.169998,36.560001,36.119999,36.48,36.15527,61281318.0
2017-04-26,36.57,37.919998,36.470001,37.509997999999996,37.176102,160935910.0
2017-04-27,37.490002000000004,38.259997999999996,37.439999,37.82,37.483345,125005458.0
2017-04-28,37.900002,38.07,37.610001000000004,37.959998999999996,37.622097,67866387.0
2017-05-02,37.959998999999996,38.380001,37.799999,37.91,37.572544,61932539.0
2017-05-03,37.950001,38.279999,37.82,38.0,37.661743,50538386.0
2017-05-04,37.950001,38.099998,37.73,37.82,37.483345,54857355.0
2017-05-05,37.700001,37.860001000000004,37.200001,37.259997999999996,36.928326,62397960.0
2017-05-08,37.259997999999996,38.119999,37.240002000000004,37.790001000000004,37.453613,95293243.0
2017-05-09,37.709998999999996,38.080002,37.709998999999996,37.990002000000004,37.651833,59518293.0
2017-05-10,38.029999,40.049999,38.009997999999996,39.84,39.485363,158920371.0
2017-05-11,39.799999,40.09,39.560001,39.77,39.415985,82779446.0
2017-05-12,39.700001,41.299999,39.700001,40.950001,40.585484,120017119.0
2017-05-15,41.220001,41.959998999999996,40.619999,40.900002,40.535927,71622420.0
2017-05-16,40.900002,41.299999,40.68,41.09,40.724236,62986281.0
2017-05-17,41.0,41.09,40.189999,40.419998,40.0602,77910638.0
2017-05-18,40.060001,41.080002,40.060001,40.619999,40.258419,58167880.0
2017-05-19,40.59,41.330002,40.59,41.009997999999996,40.644946999999995,42046764.0
2017-05-22,41.029999,43.02,41.029999,42.84,42.458659999999995,102557092.0
2017-05-23,43.0,44.18,42.849998,43.169998,42.785717,106099037.0
2017-05-24,43.0,43.540001000000004,41.970001,43.029999,42.646965,81351957.0
2017-05-25,43.0,45.560001,42.950001,45.490002000000004,45.085072,138989996.0
2017-05-26,45.400002,45.849998,44.860001000000004,45.18,44.777828,78361301.0
2017-05-31,45.18,47.130001,44.82,45.07,44.668808,100997789.0
2017-06-01,45.400002,46.0,44.900002,45.970001,45.560798999999996,77236116.0
2017-06-02,45.889998999999996,46.369999,44.630001,44.959998999999996,44.559788,82633357.0
2017-06-05,44.919998,45.150002,44.080002,44.669998,44.272366,78000274.0
2017-06-06,44.599998,46.099998,44.599998,46.029999,45.620262,96716968.0
2017-06-07,46.200001,46.880001,45.709998999999996,45.98,45.570705,78820064.0
2017-06-08,45.900002,47.650002,45.82,47.619999,47.196106,83217137.0
2017-06-09,47.700001,48.77,47.5,48.139998999999996,47.711479,92567674.0
2017-06-12,48.02,49.639998999999996,48.02,48.93,48.49445,85959680.0
2017-06-13,48.75,49.200001,47.900002,48.439999,48.008808,67046122.0
2017-06-14,48.630001,48.84,47.0,47.209998999999996,46.789757,83401397.0
2017-06-15,47.189999,47.470001,45.91,46.18,45.768929,104198333.0
2017-06-16,46.099998,47.18,46.099998,46.700001,46.284298,80723142.0
2017-06-19,46.959998999999996,48.630001,46.689999,48.560001,48.127743,80848191.0
2017-06-20,,,,,,
2017-06-21,,,,,,
2017-06-22,49.200001,50.470001,49.049999,49.139998999999996,48.702579,114646405.0
2017-06-23,49.240002000000004,49.900002,48.790001000000004,49.720001,49.277415999999995,87371964.0
2017-06-26,49.990002000000004,50.77,49.349998,49.720001,49.277415999999995,95319255.0
2017-06-27,49.700001,49.950001,48.93,49.919998,49.475632,78083585.0
2017-06-28,,,,,,
2017-06-29,48.799999,50.049999,48.380001,49.959998999999996,49.515278,75322875.0
2017-06-30,49.799999,50.200001,49.279999,49.610001000000004,49.168396,59863098.0
2017-07-03,,,,,,
2017-07-04,48.799999,48.84,47.91,47.919998,47.493435,68392065.0
2017-07-05,,,,,,
2017-07-06,50.419998,52.0,50.07,51.389998999999996,50.932549,113781480.0
2017-07-07,51.150002,51.619999,50.529999,51.009997999999996,50.555931,53392598.0
2017-07-10,,,,,,
2017-07-11,50.810001,52.009997999999996,50.610001000000004,51.23,50.773975,69953963.0
2017-07-12,51.360001000000004,52.5,50.419998,50.610001000000004,50.159492,87011734.0
2017-07-13,,,,,,
2017-07-14,,,,,,
2017-07-17,53.009997999999996,55.09,52.419998,53.900002,53.420207999999995,140879134.0
2017-07-18,53.599998,54.259997999999996,52.509997999999996,53.470001,52.994038,87902953.0
2017-07-19,53.68,54.48,53.110001000000004,53.84,53.360741000000004,77118069.0
2017-07-20,53.549999,54.150002,52.82,54.009997999999996,53.529228,65919874.0
2017-07-21,53.200001,53.279999,51.900002,51.959998999999996,51.497475,129479193.0
2017-07-24,52.080002,53.099998,51.68,52.610001000000004,52.141689,90459593.0
2017-07-25,52.619999,53.049999,52.18,52.310001,51.844359999999995,50683483.0
2017-07-26,52.099998,52.5,51.279999,51.889998999999996,51.428096999999994,65761087.0
2017-07-27,51.849998,52.740002000000004,51.09,52.360001000000004,51.893917,66713294.0
2017-07-28,,,,,,
2017-07-31,,,,,,
2017-08-01,52.200001,54.900002,52.200001,54.849998,54.361748,114793661.0
2017-08-02,54.810001,54.82,53.880001,54.040001000000004,53.558964,72381745.0
2017-08-03,54.040001000000004,54.48,52.880001,52.919998,52.44892900000001,56531164.0
2017-08-04,,,,,,
2017-08-07,,,,,,
2017-08-08,,,,,,
2017-08-09,52.349998,52.84,52.0,52.060001,51.596588,41073411.0
2017-08-10,52.07,52.450001,50.509997999999996,50.73,50.278423,84642315.0
2017-08-11,50.200001,50.73,49.529999,49.580002,49.138664,82814563.0
2017-08-14,49.990002000000004,51.0,49.639998999999996,50.490002000000004,50.040562,79149496.0
2017-08-15,50.799999,51.560001,50.599998,50.900002,50.446915000000004,68084953.0
2017-08-16,50.849998,51.290001000000004,50.529999,51.209998999999996,50.75415,34085106.0
2017-08-17,51.470001,51.830002,50.869999,51.099998,50.64513,37471148.0
2017-08-18,52.400002,53.860001000000004,51.619999,53.169998,52.696705,117642875.0
2017-08-21,53.400002,54.279999,52.779999,53.029999,52.557949,71615254.0
2017-08-22,53.41,55.259997999999996,53.32,55.200001,54.708637,100989678.0
2017-08-23,55.009997999999996,55.830002,54.82,55.400002,54.906856999999995,56488435.0
2017-08-24,55.549999,56.279999,54.950001,55.119999,54.629344999999994,56065476.0
2017-08-25,54.900002,56.220001,54.84,55.830002,55.333031000000005,74310600.0
2017-08-28,55.98,57.75,55.98,56.200001,55.699734,80329569.0
2017-08-29,56.099998,57.25,55.880001,57.060001,56.552078,41677419.0
2017-08-30,57.0,57.630001,56.259997999999996,56.41,55.907864000000004,47027718.0
2017-08-31,56.330002,56.66,55.549999,56.029999,55.531245999999996,48095720.0
2017-09-01,56.049999,57.040001000000004,55.599998,56.169998,55.669998,57108347.0
2017-09-04,55.509997999999996,55.560001,54.810001,55.150002,55.150002,48405138.0
2017-09-05,55.400002,56.599998,55.110001000000004,56.290001000000004,56.290001000000004,56376990.0
2017-09-06,56.049999,56.380001,55.09,55.400002,55.400002,42406310.0
2017-09-07,55.599998,55.82,54.830002,54.91,54.91,32974056.0
2017-09-08,54.900002,55.52,54.830002,55.02,55.02,29032223.0
2017-09-11,55.209998999999996,55.98,53.919998,53.990002000000004,53.990002000000004,80409842.0
2017-09-12,54.48,54.869999,53.610001000000004,54.810001,54.810001,55595400.0
2017-09-13,54.799999,55.360001000000004,54.330002,55.07,55.07,39806983.0
2017-09-14,55.099998,55.25,53.900002,54.02,54.02,51019115.0
2017-09-15,54.09,54.200001,53.150002,53.380001,53.380001,75425944.0
2017-09-18,53.27,54.48,53.27,53.299999,53.299999,75400296.0
2017-09-19,53.689999,54.040001000000004,53.110001000000004,53.459998999999996,53.459998999999996,62150655.0
2017-09-20,53.439999,53.700001,53.0,53.080002,53.080002,58718913.0
2017-09-21,53.16,54.240002000000004,53.009997999999996,53.82,53.82,72709201.0
2017-09-22,53.549999,54.349998,53.52,54.040001000000004,54.040001000000004,54947182.0
2017-09-25,54.049999,54.73,53.82,54.16,54.16,65794494.0
2017-09-26,53.990002000000004,54.330002,53.950001,54.25,54.25,42795845.0
2017-09-27,54.099998,54.240002000000004,53.459998999999996,53.599998,53.599998,46898447.0
2017-09-28,53.599998,53.970001,53.32,53.740002000000004,53.740002000000004,39773746.0
2017-09-29,53.720001,54.349998,53.43,54.16,54.16,43417231.0
2017-10-09,54.16,56.5,54.16,54.759997999999996,54.759997999999996,88236199.0
2017-10-10,54.860001000000004,55.52,53.810001,54.919998,54.919998,96068320.0
2017-10-11,54.900002,55.720001,54.549999,55.310001,55.310001,66452795.0
2017-10-12,55.200001,57.189999,55.119999,57.110001000000004,57.110001000000004,89855011.0
2017-10-13,56.91,57.43,56.73,57.080002,57.080002,50815330.0
2017-10-16,57.5,58.549999,57.09,57.169998,57.169998,74976923.0
2017-10-17,57.41,58.259997999999996,57.200001,57.939999,57.939999,63781573.0
2017-10-18,58.060001,59.029999,57.869999,58.98,58.98,71037948.0
2017-10-19,59.060001,59.950001,58.799999,59.59,59.59,74113891.0
2017-10-20,59.0,59.450001,58.639998999999996,59.02,59.02,45688147.0
2017-10-23,59.52,60.18,59.490002000000004,59.880001,59.880001,51239175.0
2017-10-24,59.77,61.060001,59.630001,60.200001,60.200001,70533642.0
2017-10-25,60.099998,60.439999,59.709998999999996,60.080002,60.080002,38645697.0
2017-10-26,60.0,62.259997999999996,59.860001000000004,61.389998999999996,61.389998999999996,83684094.0
2017-10-27,61.5,63.98,61.48,63.93,63.93,87686093.0
2017-10-30,64.0,65.300003,63.130001,64.059998,64.059998,118383153.0
2017-10-31,63.5,64.5,63.310001,64.360001,64.360001,51366189.0
2017-11-01,64.470001,66.279999,63.720001,64.120003,64.120003,100111909.0
2017-11-02,64.199997,64.370003,63.0,64.139999,64.139999,82494651.0
2017-11-03,64.0,64.839996,63.48,64.449997,64.449997,68143978.0
2017-11-06,64.690002,64.699997,62.919998,64.010002,64.010002,90857015.0
2017-11-07,64.300003,66.57,64.300003,65.370003,65.370003,117356586.0
2017-11-08,65.400002,66.349998,64.32,64.610001,64.610001,86782083.0
2017-11-09,64.5,66.389999,64.400002,66.33000200000001,66.33000200000001,70866925.0
2017-11-10,66.0,69.949997,65.93,69.889999,69.889999,125406037.0
2017-11-13,70.099998,70.57,69.480003,70.150002,70.150002,75220717.0
2017-11-14,70.690002,71.290001,69.769997,70.41999799999999,70.41999799999999,80174828.0
2017-11-15,69.980003,70.43,68.589996,69.199997,69.199997,100945992.0
2017-11-16,68.800003,73.110001,68.75,73.010002,73.010002,116376446.0
2017-11-17,72.699997,75.32,71.800003,75.269997,75.269997,158039374.0
2017-11-20,74.779999,76.489998,74.07,75.709999,75.709999,114128113.0
2017-11-21,75.129997,79.68,75.129997,78.440002,78.440002,144556937.0
2017-11-22,79.5,79.959999,76.58000200000001,77.449997,77.449997,129348799.0
2017-11-23,76.599998,78.440002,73.699997,74.32,74.32,157621088.0
2017-11-24,74.150002,75.459999,72.709999,74.620003,74.620003,131784376.0
2017-11-27,74.699997,74.900002,71.550003,73.550003,73.550003,163723233.0
2017-11-28,72.699997,73.540001,71.879997,72.730003,72.730003,78646962.0
2017-11-29,73.540001,74.190002,71.260002,72.41999799999999,72.41999799999999,87500464.0
2017-11-30,71.370003,71.66999799999999,69.550003,69.91999799999999,69.91999799999999,116373317.0
2017-12-01,69.650002,70.18,67.910004,68.099998,68.099998,139304603.0
